,brain,batch,condition,Anterior amygdalar area,Basolateral amygdalar nucleus,Central amygdalar nucleus,Cortical amygdalar area,Intercalated amygdalar nucleus,Lateral amygdalar nucleus,Posterior amygdalar nucleus,Somatomotor areas,Somatosensory areas,Gustatory areas,Visceral area,Auditory areas,Visual areas,Anterior cingulate area,Prelimbic area,Infralimbic area,Orbital area,Retrosplenial area,Posterior parietal association areas,Temporal association areas,Perirhinal area,Ectorhinal area,Hippocampal region,Retrohippocampal region,Endopiriform nucleus,Caudoputamen,Nucleus accumbens,Fundus of striatum,Lateral septal nucleus,Septofimbrial nucleus,Septohippocampal nucleus,Pallidum,Ventral anterior-lateral complex of the thalamus,Ventral medial nucleus of the thalamus,Ventral posterolateral nucleus of the thalamus,"""Ventral posterolateral nucleus of the thalamus, parvicellular part""",Ventral posteromedial nucleus of the thalamus,"""Ventral posteromedial nucleus of the thalamus, parvicellular part""",Posterior triangular thalamic nucleus,Subparafascicular nucleus,Subparafascicular area,Lateral posterior nucleus of the thalamus,Posterior complex of the thalamus,Anteroventral nucleus of thalamus,Anteromedial nucleus,Anterodorsal nucleus,Interanteromedial nucleus of the thalamus,Interanterodorsal nucleus of the thalamus,Lateral dorsal nucleus of thalamus,Intermediodorsal nucleus of the thalamus,Submedial nucleus of the thalamus,Parataenial nucleus,Paraventricular nucleus of the thalamus,Nucleus of reuniens,Rhomboid nucleus,Central medial nucleus of the thalamus,Paracentral nucleus,Central lateral nucleus of the thalamus,Parafascicular nucleus,Reticular nucleus of the thalamus,Medial habenula,Lateral habenula,Arcuate hypothalamic nucleus,Anterodorsal preoptic nucleus,Anteroventral preoptic nucleus,Anteroventral periventricular nucleus,Medial preoptic area,Posterodorsal preoptic nucleus,Parastrial nucleus,"""Periventricular hypothalamic nucleus, posterior part""","""Periventricular hypothalamic nucleus, preoptic part""",Subparaventricular zone,Suprachiasmatic nucleus,Ventrolateral preoptic nucleus,Mammillary body,Median preoptic nucleus,Dorsal premammillary nucleus,Ventral premammillary nucleus,Lateral hypothalamic area,Lateral preoptic area,Retrochiasmatic area,Subthalamic nucleus,Tuberal nucleus,Zona incerta,Median eminence,"""Superior colliculus, sensory related""",Nucleus of the brachium of the inferior colliculus,Nucleus sagulum,Parabigeminal nucleus,"""Substantia nigra, reticular part""",Ventral tegmental area,"""Midbrain reticular nucleus, retrorubral area""","""Superior colliculus, motor related""",Periaqueductal gray,Pretectal region,Cuneiform nucleus,Red nucleus,Oculomotor nucleus,Paratrochlear nucleus,Ventral tegmental nucleus,Anterior tegmental nucleus,"""Substantia nigra, compact part""",Pedunculopontine nucleus,Midbrain raphe nuclei,Parabrachial nucleus,Superior olivary complex,Barrington's nucleus,Dorsal tegmental nucleus,Posterodorsal tegmental nucleus,Pontine central gray,Pontine gray,"""Pontine reticular nucleus, caudal part""",Supragenual nucleus,Supratrigeminal nucleus,Tegmental reticular nucleus,Motor nucleus of trigeminal,Laterodorsal tegmental nucleus,Nucleus incertus,Pontine reticular nucleus,Nucleus raphe pontis,Subceruleus nucleus,Sublaterodorsal nucleus
0,an011,202010_cfos,acquisition_day1,156,2173,2163,736,160,601,293,4545,13982,361,631,1055,1886,1165,352,354,966,1743,417,901,286,935,14560,8314,964,26477,1024,191,1647,35,22,5552,303,702,90,0,134,0,151,555,1,422,154,88,102,51,114,221,156,169,101,418,1077,491,94,276,60,287,160,561,0,88,26,332,99,52,879,4,162,0,0,0,2,454,1489,4,6,47,3528,728,149,104,401,1053,0,0,34,0,40,0,389,0,0,12181,1406,588,323,0,53,6,25,0,551,616,3423,82,8,1,2,153,307,0,0,263,223,137,221,95,619,31,54,40
1,an012,202010_cfos,acquisition_day1,350,2327,1595,781,224,816,292,4378,11155,763,695,1697,1767,1886,658,504,934,1505,417,1322,202,1271,16286,7544,1087,25694,584,241,2364,46,30,9024,62,991,159,0,117,0,324,235,3,525,86,40,44,60,11,21,357,6,106,193,385,373,1,47,16,264,155,404,0,118,11,288,74,190,1072,5,195,0,0,0,61,612,998,5,15,37,2138,609,432,86,1227,2309,0,0,77,9,33,0,422,0,0,13345,1264,910,367,22,5,4,2,0,677,1966,2265,574,19,15,8,121,1224,0,0,98,165,225,166,36,870,45,14,31
2,an013,202010_cfos,acquisition_day1,569,2517,1224,824,153,704,521,2220,5210,492,499,900,855,1300,676,920,546,1083,196,1152,209,1408,12245,7962,1288,7277,854,128,1764,21,4,9552,55,368,54,0,105,0,114,504,0,523,162,58,16,50,5,149,191,0,38,246,211,75,0,14,11,165,81,181,1,47,5,553,200,54,1511,7,345,0,0,0,9,375,1190,10,20,45,3518,1147,77,189,589,803,0,0,30,1,43,0,470,0,0,11312,1002,1091,226,11,70,8,9,0,473,944,2674,138,33,2,4,173,454,0,0,235,365,183,221,85,834,111,93,64
3,an014,202010_cfos,acquisition_day1,688,2051,1224,523,169,1076,514,3561,5970,219,503,1056,1751,1222,658,743,1793,1309,301,1162,224,1388,13615,8883,1289,7367,837,226,1806,53,4,9261,100,469,455,0,773,0,219,670,3,1024,127,459,70,27,55,113,1008,23,85,322,522,353,43,124,12,202,111,1454,0,306,6,420,114,14,857,10,214,0,0,0,3,196,693,11,47,70,3275,727,87,201,229,1105,0,0,93,15,76,0,353,0,0,9827,1692,1455,178,3,29,7,47,0,497,925,1906,125,31,7,6,161,363,0,0,149,224,143,157,106,864,120,17,50
4,an015,202010_cfos,acquisition_day1,150,1452,608,330,100,417,304,3236,5262,109,342,572,863,2060,405,495,665,1795,136,577,285,826,13055,6487,740,19813,1025,87,1011,14,23,4580,37,317,33,0,137,0,55,394,0,259,201,32,40,46,26,53,148,50,1,298,495,198,15,85,23,161,126,412,1,63,8,320,65,46,549,8,139,0,0,0,29,271,583,10,32,21,2014,495,59,135,352,492,0,0,44,0,56,0,180,0,0,8265,940,789,112,2,19,1,6,0,339,702,2123,79,34,12,1,188,263,0,0,144,272,119,149,51,660,56,25,208
5,an016,202010_cfos,acquisition_day1,321,1876,1275,936,110,619,625,2555,8376,313,629,944,798,1044,309,388,1230,2212,144,882,337,991,14188,7917,1029,15153,561,126,1275,29,12,6117,92,654,119,0,227,0,133,629,0,1288,245,206,82,98,1,98,640,6,87,141,152,118,11,10,42,435,154,409,4,230,62,455,70,43,806,2,256,0,0,0,1,108,854,3,40,64,3744,609,70,187,419,1080,0,0,85,10,37,0,350,0,0,9369,1174,1440,187,19,28,12,9,0,554,641,2535,123,9,85,1,213,419,0,0,147,301,171,198,50,885,62,30,49
6,an017,202010_cfos,acquisition_day1,530,2144,1421,638,188,526,394,1583,4604,265,525,805,1372,1207,558,520,1198,3431,223,1095,257,1376,16412,9385,887,6191,609,136,1498,55,33,8250,37,567,68,0,159,0,179,669,5,1619,117,91,22,84,10,164,556,91,23,397,1118,72,9,78,48,364,365,188,1,343,17,541,129,90,1083,10,267,0,0,0,0,428,1378,9,19,85,5148,1012,99,296,424,1108,0,0,53,7,27,0,697,0,0,11362,1743,786,250,8,96,4,24,0,536,1067,2556,81,23,21,3,168,383,0,0,246,245,89,180,104,1144,91,13,70
7,an018,202010_cfos,acquisition_day1,951,1219,541,637,138,401,137,2967,5501,254,432,466,358,1745,622,351,1067,1509,73,419,22,423,11074,10888,423,17617,623,134,1512,114,17,8789,88,660,154,0,121,0,205,193,0,406,265,44,24,60,23,5,169,15,89,141,89,514,23,102,4,96,43,207,0,81,17,286,17,183,796,6,143,0,0,0,25,694,669,2,7,54,1857,458,663,49,842,1080,0,0,43,58,121,0,302,0,0,6335,594,654,209,3,6,22,32,0,525,1579,1014,332,0,6,6,203,810,0,0,103,288,241,200,57,860,56,7,38
8,an019,202010_cfos,acquisition_day1,421,2044,1178,481,111,580,362,3188,7184,433,440,721,462,1654,349,288,431,3234,129,556,208,607,13305,10788,664,18962,878,106,1210,18,7,4816,63,419,100,0,201,0,111,730,1,772,168,94,49,23,33,144,287,92,31,513,937,492,86,209,10,176,116,322,0,79,27,399,112,15,1066,18,179,0,0,0,40,124,994,3,35,50,2885,680,67,138,317,762,0,0,71,1,42,0,339,0,0,9537,1836,757,260,8,35,1,16,0,388,872,2063,105,13,10,0,108,418,0,0,162,262,94,177,83,850,63,17,21
9,an020,202010_cfos,acquisition_day1,286,1570,470,615,58,796,441,2495,3195,125,301,630,1231,976,458,307,1508,1527,73,820,199,923,11769,10739,884,3751,247,111,980,31,5,6738,82,359,157,0,218,0,149,429,2,423,51,33,19,11,34,41,282,6,6,199,280,176,14,73,9,60,87,467,0,48,32,235,105,149,829,4,90,0,0,0,4,288,756,4,5,44,1920,1024,68,144,413,793,0,0,106,28,32,0,139,0,0,5843,816,1012,150,5,46,10,12,0,461,545,1371,199,8,5,6,130,294,0,0,127,125,81,122,73,422,93,12,34
0,an021,202010_cfos,acquisition_day2,132,612,301,786,60,232,259,2383,5048,117,286,171,367,810,88,45,257,1618,86,139,168,235,8256,2208,424,19793,970,183,303,2,0,4407,99,94,113,0,248,0,83,194,0,1510,303,37,36,18,16,57,426,55,12,85,305,66,7,39,25,137,63,148,2,150,16,286,50,36,579,1,74,0,0,0,19,352,515,0,8,25,1900,559,105,114,559,428,0,0,74,1,46,0,246,0,0,3892,2620,768,227,4,11,19,60,0,381,589,1300,145,17,26,5,244,599,0,0,124,206,100,141,104,867,54,80,175
1,an022,202010_cfos,acquisition_day2,119,245,262,337,11,153,243,4063,6248,38,418,449,675,2221,427,208,828,1533,61,136,66,144,9516,4720,271,10598,341,55,421,2,1,2674,50,276,29,0,181,0,91,209,0,467,204,29,9,21,6,6,319,20,18,81,160,128,7,44,10,48,48,151,0,33,5,203,59,11,342,1,111,0,0,0,0,29,513,0,5,5,1060,342,10,33,178,377,0,0,34,5,9,0,88,0,0,5188,446,579,96,13,15,11,0,0,192,833,1054,25,5,12,1,101,149,0,0,79,121,45,77,45,269,19,7,64
2,an023,202010_cfos,acquisition_day2,453,353,271,318,29,260,143,2937,5969,104,301,383,1723,1244,173,38,633,1660,85,120,78,164,10736,7215,328,13900,452,29,381,8,2,5974,20,131,54,0,132,0,49,203,0,411,213,58,6,17,7,6,239,3,9,45,74,91,16,24,3,32,45,218,0,59,12,94,17,42,379,3,67,0,0,0,21,129,312,0,2,11,1210,410,55,111,282,610,0,0,37,8,38,0,338,0,0,2995,607,568,221,4,13,2,0,0,546,1050,620,137,13,16,2,212,600,0,0,33,182,124,151,127,671,62,21,151
3,an024,202010_cfos,acquisition_day2,248,616,555,443,28,172,355,1503,3514,93,253,196,617,943,170,101,334,1428,81,136,107,287,10698,6729,320,11590,594,79,348,13,3,4379,71,232,89,0,212,0,74,219,3,414,191,18,21,2,7,9,257,22,50,61,77,37,11,13,14,54,38,129,0,15,3,103,17,34,388,0,79,0,0,0,1,64,338,6,33,15,1641,357,3,85,144,519,0,0,42,2,37,0,333,0,0,4630,915,982,166,0,9,10,86,0,451,848,1071,65,11,28,8,220,128,0,0,130,134,153,245,68,789,109,18,133
4,an025,202010_cfos,acquisition_day2,154,445,168,320,31,129,151,1383,3616,80,249,272,873,623,93,54,317,1647,66,183,111,226,9551,5104,106,7034,298,7,300,58,0,5468,29,201,74,0,75,0,43,172,2,398,46,12,17,6,8,5,79,1,27,24,14,14,0,6,8,58,32,154,0,59,4,37,8,83,170,1,13,0,0,0,0,77,331,1,0,4,957,411,1,54,448,357,0,0,39,15,15,0,122,0,0,3299,338,979,58,2,0,9,8,0,251,386,977,44,8,2,0,99,293,0,0,93,39,107,142,95,507,68,30,156
5,an026,202010_cfos,acquisition_day2,137,146,90,209,3,48,30,675,1135,207,281,143,887,230,26,25,679,1075,144,63,228,326,5451,4686,24,892,14,62,63,0,0,2092,50,71,22,0,95,0,63,22,0,603,333,10,13,0,5,0,123,6,27,1,12,28,2,21,0,18,60,29,0,4,0,2,1,10,40,0,4,0,0,0,2,30,552,0,3,12,493,86,41,21,294,167,0,0,35,12,28,0,97,0,0,697,89,234,31,3,67,14,8,0,110,544,292,54,4,13,0,14,411,0,0,2,32,6,2,2,116,6,0,0
6,an027,202010_cfos,acquisition_day2,315,753,436,421,51,280,190,1165,3245,36,125,259,1823,373,13,20,144,1367,80,324,72,236,9251,5070,298,3840,183,36,259,12,0,4413,76,822,99,0,148,0,78,295,0,306,68,81,45,10,1,11,118,0,119,22,44,77,0,3,4,32,42,257,0,88,5,70,17,21,272,2,48,0,0,0,0,178,741,3,9,7,1493,623,8,87,608,827,0,0,100,1,70,0,389,0,0,3923,1162,559,83,5,20,1,1,0,352,631,555,86,4,1,2,58,202,0,0,35,90,32,30,9,444,19,9,14
7,an028,202010_cfos,acquisition_day2,240,501,172,299,11,312,76,2467,6182,147,141,271,855,3354,270,116,552,1129,136,109,47,151,9612,7402,241,15182,447,60,460,8,2,2747,35,113,43,0,76,0,24,228,5,81,83,2,18,5,1,10,73,4,6,14,43,30,3,10,1,10,11,199,0,8,11,10,12,41,90,0,20,0,0,0,17,100,341,0,0,4,579,506,118,76,189,265,0,0,9,5,15,0,102,0,0,2346,470,758,84,0,29,1,5,0,222,499,709,92,2,0,0,11,331,0,0,58,6,57,31,0,517,0,2,22
8,an029,202010_cfos,acquisition_day2,103,76,75,192,1,74,215,341,218,171,6,7,285,175,8,7,599,676,14,44,1,2,1833,1815,22,207,20,32,31,0,0,2731,16,69,30,0,41,0,27,14,0,153,11,21,15,6,0,11,53,1,1,1,5,8,1,0,0,15,1,27,0,6,0,1,6,17,73,0,3,0,0,0,44,107,86,0,0,0,252,171,66,30,229,199,0,0,0,3,12,0,7,0,0,684,33,110,6,0,1,0,0,0,4,94,150,20,1,0,0,0,159,0,0,14,2,4,2,0,57,1,0,3
9,an030,202010_cfos,acquisition_day2,17,93,41,39,4,65,17,632,1944,5,3,215,734,99,14,110,618,489,281,91,5,28,2681,618,37,3020,35,50,81,1,1,771,31,185,27,0,61,0,10,40,0,578,88,1,6,2,0,0,45,1,29,6,3,15,6,2,5,21,16,21,0,20,0,5,4,10,8,0,4,0,0,0,29,1,95,0,0,0,271,95,47,21,113,115,0,0,8,1,9,0,118,0,0,399,2418,202,38,0,3,0,0,0,29,95,49,25,3,0,0,14,136,0,0,3,9,20,2,3,283,2,0,7
0,an001,202010_cfos,habituation,325,696,721,1016,84,312,542,2169,4756,145,266,406,1339,910,177,375,635,1186,265,336,60,641,12631,7590,644,7126,670,194,473,3,3,5955,41,231,90,0,101,0,73,139,0,532,125,24,9,39,11,17,202,17,57,91,201,231,11,32,10,36,65,81,0,57,29,166,29,21,306,7,53,0,0,0,3,300,587,8,0,1,866,512,10,46,338,478,0,0,31,10,11,0,230,0,0,3632,1265,920,144,10,19,9,6,0,284,977,676,110,4,3,0,48,199,0,0,110,127,64,59,27,734,5,14,23
1,an002,202010_cfos,habituation,154,650,360,765,41,393,120,2887,6019,196,446,679,1101,1394,154,254,667,1810,142,458,78,422,13033,6717,780,13596,598,127,256,7,2,4335,47,258,59,0,130,0,101,145,0,647,484,54,5,9,12,11,438,49,70,68,179,178,12,161,10,76,125,228,0,49,3,70,16,38,204,1,22,0,0,0,3,142,554,0,9,18,837,279,13,74,188,324,0,0,38,26,42,0,186,0,0,4067,1186,480,176,10,30,4,14,0,321,690,1021,173,9,6,1,69,370,0,0,86,56,150,74,22,783,7,58,28
2,an003,202010_cfos,habituation,206,1157,860,1179,105,456,402,1791,5955,154,413,809,1345,800,76,86,582,1326,183,538,179,733,15542,7030,966,10069,343,74,220,5,0,5262,52,346,91,0,212,0,87,236,0,398,181,54,9,35,17,35,304,20,19,76,195,214,23,77,12,141,45,214,0,56,83,78,25,72,213,4,23,0,0,0,7,189,1017,0,2,43,1493,390,113,138,576,605,0,0,62,27,39,0,248,0,0,3199,965,236,153,8,29,4,5,0,233,657,527,240,2,0,0,70,453,0,0,77,305,79,97,27,723,25,11,15
3,an004,202010_cfos,habituation,206,1400,592,952,117,594,349,3168,6667,249,570,608,1383,1231,152,233,698,1553,288,486,89,572,17044,9962,936,22850,1026,163,584,13,6,5862,319,525,134,0,190,0,142,323,3,420,201,59,77,44,26,39,329,39,363,188,243,571,124,174,126,77,270,399,0,44,40,142,29,32,285,4,42,0,0,0,0,198,684,0,19,15,1748,484,54,93,403,475,0,0,60,12,3,0,192,0,0,3944,1074,740,303,6,31,7,7,0,205,720,713,135,4,19,0,39,288,0,0,68,165,127,88,29,741,5,23,14
4,an005,202010_cfos,habituation,229,514,225,498,77,336,287,2291,3285,100,324,359,2643,768,195,417,955,841,81,232,143,369,8295,4897,533,11099,692,86,227,1,7,3963,89,176,55,0,159,0,28,35,0,130,102,3,12,1,0,0,104,1,19,24,16,48,1,6,14,26,32,185,0,11,30,65,11,36,113,1,15,0,0,0,11,160,123,0,0,1,415,313,9,19,235,152,0,0,12,4,61,0,43,0,0,743,259,414,9,0,42,0,2,0,170,232,285,255,1,4,0,41,216,0,0,72,87,129,57,14,455,18,11,37
5,an006,202010_cfos,habituation,827,554,495,891,81,571,227,4639,9899,400,373,670,1607,2254,403,427,1268,1572,147,575,84,257,13368,11033,308,20696,1150,115,676,44,7,6291,80,239,106,0,119,0,140,101,3,135,111,11,39,5,32,2,228,36,44,76,52,339,25,61,35,58,73,300,0,62,26,157,33,140,464,0,56,0,0,0,26,219,997,3,57,10,1170,216,471,67,1023,523,0,0,48,16,125,0,537,0,0,3765,247,491,256,10,1,3,6,0,313,1843,565,356,2,8,0,104,1344,0,0,52,168,168,93,23,1002,9,1,7
6,an007,202010_cfos,habituation,275,813,373,845,76,654,317,2780,5865,119,196,667,786,978,302,200,746,2092,125,533,130,570,14702,12440,494,19196,769,127,259,1,1,4271,108,409,91,0,226,0,101,355,0,817,162,64,17,39,19,32,327,21,14,255,208,232,17,92,2,71,77,313,0,55,28,212,67,21,566,1,100,0,0,0,7,157,867,0,39,44,1642,435,71,158,375,613,0,0,43,17,45,0,250,0,0,4232,1085,1134,134,23,9,10,11,0,483,564,573,143,6,21,5,101,159,0,0,85,118,182,109,70,944,35,16,37
7,an008,202010_cfos,habituation,421,425,242,891,13,363,235,1604,5438,103,147,324,846,669,160,242,467,2079,81,207,7,69,6694,13223,81,10701,378,97,396,14,2,3706,36,99,101,0,70,0,109,87,1,70,24,2,15,1,10,1,49,12,19,98,100,219,4,72,0,1,20,86,0,19,11,96,2,214,193,0,29,0,0,0,1,248,557,0,11,8,826,75,211,37,457,513,0,0,65,2,51,0,137,0,0,2263,160,659,47,9,0,4,31,0,141,529,258,306,0,6,0,9,513,0,0,23,25,30,7,5,321,1,0,2
8,an009,202010_cfos,habituation,160,380,267,367,21,269,50,2371,3526,190,59,259,649,754,165,230,476,1293,116,109,79,118,8398,6918,319,9407,698,48,453,34,6,2804,41,115,47,0,89,0,54,144,0,225,136,26,66,15,2,21,114,13,42,130,88,158,15,47,15,38,57,108,1,36,14,133,11,7,173,0,24,0,0,0,0,66,293,1,6,7,589,175,17,38,83,203,0,0,2,26,18,0,86,0,0,2615,754,687,87,6,31,14,10,0,186,308,295,15,10,8,0,14,43,0,0,79,136,64,20,7,385,6,1,0
9,an010,202010_cfos,habituation,164,953,382,547,64,689,292,1616,3802,143,190,461,840,945,136,232,1201,3388,74,376,139,396,11326,9026,508,7341,658,282,323,5,1,3783,27,141,85,0,91,0,101,308,0,514,180,22,24,22,20,21,86,16,36,110,84,110,21,87,50,77,30,193,0,32,140,60,13,28,242,5,53,0,0,0,29,84,513,1,33,40,1458,303,34,51,406,423,0,0,47,8,25,0,216,0,0,3104,1459,1022,138,0,11,2,0,0,424,404,429,52,1,0,0,11,123,0,0,122,117,99,21,0,823,0,27,11
0,an1,201904_ymaze_cfos,CNO_control_no_reversal,997,4031,1998,12551,365,1415,4428,33878,125716,2507,6390,25323,59115,10019,1103,1551,5017,37253,10124,12289,3675,7156,46545,90063,5370,33069,4947,595,1669,127,70,9325,1001,621,1360,0,3557,0,485,435,0,1434,1911,336,130,104,3,75,2356,1,71,17,54,42,1,42,180,471,583,1292,6,240,331,165,313,127,1385,15,124,0,0,0,19,377,3388,1,244,765,5786,1120,312,323,3041,2057,0,0,595,536,361,0,1060,0,0,8981,2776,1521,746,18,306,57,15,0,2081,2164,2546,3142,46,207,15,833,4542,0,3,402,1502,889,667,271,4534,187,80,176
1,an2,201904_ymaze_cfos,CNO_control_no_reversal,1121,3401,1268,7894,260,1326,2153,11800,48566,1321,3545,9858,29143,4835,593,827,2544,13725,3872,5790,2482,5169,25250,50741,5271,28920,3427,410,548,14,28,7138,496,279,605,0,1839,0,229,330,0,417,873,105,47,18,5,24,1279,18,52,42,73,291,29,31,54,122,186,703,1,30,306,106,236,91,950,4,92,0,0,0,20,298,3028,1,227,627,5338,775,237,201,2542,1049,0,0,468,331,298,0,824,0,0,4015,564,654,521,5,197,20,19,0,1367,1559,1347,2529,26,119,11,461,4028,0,1,222,1022,518,324,153,2495,92,53,93
2,an3,201904_ymaze_cfos,CNO_control_no_reversal,782,2668,319,10925,194,848,3514,30158,100041,2501,5340,19989,61325,9421,1658,1570,6339,25050,9362,9285,2717,5917,26767,61365,4786,15511,2042,277,727,13,22,6383,607,402,662,0,1887,0,109,210,0,463,592,110,51,27,7,15,731,11,35,34,33,156,11,26,59,96,117,484,0,30,254,77,172,98,844,5,92,0,0,0,21,313,2600,2,177,525,5050,1009,203,127,2236,1008,0,0,283,316,338,0,675,0,0,3412,835,706,399,8,77,9,9,0,1433,806,1233,2384,11,20,4,220,3885,0,0,272,1162,471,69,89,2586,73,37,82
3,an4,201904_ymaze_cfos,CNO_control_no_reversal,888,2618,1227,1467,313,801,1204,12034,37559,966,2845,6653,25273,7753,1252,1293,1790,13430,3278,3875,1505,3667,17127,31703,5232,17337,1810,196,822,31,31,6317,448,266,367,0,1519,0,183,193,2,300,698,101,58,29,17,20,829,45,41,59,80,245,40,68,86,154,153,392,0,60,0,135,178,5,1005,15,200,0,0,0,0,0,1164,2,206,322,5094,1581,0,118,434,597,0,0,271,223,208,0,589,0,0,3511,495,651,351,2,105,18,9,0,1123,1221,981,605,18,28,7,259,1249,0,1,162,1751,315,109,104,2617,139,38,86
4,an5,201904_ymaze_cfos,CNO_control_no_reversal,2358,4217,4375,10739,424,1623,3032,45171,154133,5793,9384,24894,47028,17192,2947,2702,10313,33390,7821,11224,2052,6078,48222,55895,6668,61095,10333,1356,5454,224,145,32888,1790,2033,1880,0,4725,0,883,828,0,1139,2137,963,568,155,44,118,2699,91,232,216,192,840,99,171,209,378,472,4370,0,87,139,360,465,198,3016,71,480,0,0,0,55,440,3444,12,230,660,12545,3310,588,512,2742,4272,0,0,598,586,342,0,1534,0,0,7974,2566,1276,966,22,236,8,20,0,2698,2596,1719,2091,15,19,3,203,4261,0,0,326,1352,612,126,64,4336,69,27,29
5,an6,201904_ymaze_cfos,CNO_control_no_reversal,457,2253,924,4761,187,1071,1790,16076,57084,1001,3400,12626,38045,9830,849,993,2089,21479,5362,7534,2135,4704,29498,56392,3199,25391,3884,316,1531,46,54,7083,664,455,988,0,2239,0,229,312,0,515,1185,237,105,81,9,41,1641,38,53,111,183,358,21,68,99,254,325,1635,0,68,261,88,186,69,1125,14,82,0,0,0,17,326,3038,1,205,519,5386,1105,232,160,1922,1413,0,0,397,303,328,0,1042,0,0,4394,916,1038,615,7,217,22,26,0,1626,1846,1353,1720,29,106,13,534,3935,0,3,263,1066,423,269,184,2828,135,36,91
6,an7,201904_ymaze_cfos,CNO_control_no_reversal,882,3635,1897,2337,295,1265,1738,24079,65122,1550,3588,15478,31266,8432,1324,1291,4901,28671,5938,12006,3179,6416,41755,58593,4830,31315,2906,301,2091,20,218,11117,859,2486,936,0,2405,0,509,454,2,1254,1340,167,224,58,14,31,2066,52,512,76,30,869,109,159,135,192,227,1516,0,88,360,129,220,36,1234,44,125,0,0,0,7,39,1123,7,291,472,6976,1546,700,684,2363,3463,0,0,637,529,273,0,1524,0,0,5879,1425,927,1923,15,132,49,13,0,1521,2185,1435,1149,25,189,32,812,1615,0,1,524,1450,828,626,158,2683,50,36,88
7,an8,201904_ymaze_cfos,CNO_control_no_reversal,324,965,274,3047,63,452,729,8098,24174,516,1245,4323,13143,3100,433,574,1187,5244,1644,2268,737,1805,10474,17913,1782,14564,2229,231,380,9,12,3865,128,196,178,0,675,0,65,143,0,127,289,19,15,4,2,2,272,3,26,8,15,102,4,14,34,26,66,178,0,17,126,37,64,47,468,2,48,0,0,0,15,156,1316,0,95,227,2697,540,50,126,690,682,0,0,132,116,112,0,499,0,0,1771,220,382,235,2,102,7,3,0,457,662,478,1178,14,11,0,171,2228,0,0,63,368,166,65,75,977,65,33,66
0,an10,201904_ymaze_cfos,CNO_control_reversal,501,1416,502,6135,78,357,1920,8220,24354,1104,2033,6791,21949,2351,342,363,2366,10685,2579,4380,1611,3549,15831,37201,2414,17168,1770,496,450,8,5,4699,866,602,1016,0,2602,0,89,195,1,1520,1312,257,153,59,15,45,1425,41,104,32,175,166,25,45,99,555,528,942,12,348,168,51,101,65,560,5,54,0,0,0,16,185,1533,1,131,406,3326,528,133,97,1401,1318,0,0,325,158,260,0,366,0,0,5086,1742,842,274,11,59,32,24,0,931,594,964,1051,18,54,12,347,865,0,0,161,246,298,201,106,1100,59,40,97
1,an11,201904_ymaze_cfos,CNO_control_reversal,163,805,248,1808,33,172,594,5974,27195,459,1358,6760,15968,2648,334,283,1390,7850,1949,2588,638,1605,12696,25706,1310,4353,1244,45,223,8,4,2809,371,164,337,0,1432,0,186,162,0,1184,890,54,58,28,5,14,1140,28,41,22,55,138,17,52,62,292,190,248,4,161,57,78,70,44,446,4,55,0,0,0,12,118,1443,0,82,156,2235,355,77,75,439,403,0,0,232,128,137,0,426,0,0,3587,2119,931,266,8,53,8,7,0,531,725,1150,1162,11,13,5,174,2029,0,1,107,422,243,176,57,1161,24,12,25
2,an12,201904_ymaze_cfos,CNO_control_reversal,1207,5276,2338,14005,280,1904,3750,30697,113069,3755,6597,23648,56245,8640,1849,1662,6602,29334,9996,10900,3523,7027,48076,86187,5979,43833,6331,733,1529,68,59,12592,1063,551,1472,0,3474,0,742,600,3,3030,3360,350,189,81,28,138,3271,149,128,92,241,375,46,159,284,910,977,1598,8,647,288,164,266,113,1756,39,255,0,0,0,47,352,3656,6,242,740,8162,1650,281,320,3195,1819,0,0,645,517,359,0,1040,0,0,6841,3814,1332,754,32,285,33,13,0,1432,1942,1888,1537,45,203,26,873,3264,0,3,370,326,487,552,256,2035,153,70,174
3,an13,201904_ymaze_cfos,CNO_control_reversal,609,3063,1583,4942,224,1131,1803,22274,51758,1289,2609,10275,32071,4956,1126,639,3640,16521,3877,5092,1175,3150,28816,36739,3835,38320,5157,719,1637,148,22,11374,1972,1469,2184,0,3892,0,465,394,3,1982,2494,883,663,155,89,208,3889,258,476,266,337,702,180,461,363,668,826,3417,6,332,197,193,200,62,1062,17,244,0,0,0,30,150,1647,6,148,240,4743,1023,122,262,1084,2609,0,0,292,224,191,0,712,0,0,8550,2602,1317,974,49,111,52,58,0,1722,1450,1767,1647,9,57,6,268,2965,0,0,260,1284,568,244,40,3573,24,16,45
4,an14,201904_ymaze_cfos,CNO_control_reversal,859,3401,1996,5928,198,1739,2007,23690,57820,1123,1884,9313,41974,8585,1322,796,3821,17026,5639,5073,1532,3825,39579,40633,4902,53243,5072,776,2137,137,51,15405,1659,1684,1975,0,3967,0,551,533,4,3050,3351,590,697,60,110,129,2686,278,526,187,514,652,173,418,484,614,965,3285,18,590,170,145,155,44,1198,20,175,0,0,0,33,253,1282,7,156,280,3801,1154,90,203,899,2628,0,0,361,224,183,0,636,0,0,7106,4819,1282,801,44,56,34,25,0,2002,409,1515,482,9,26,3,246,1061,0,0,333,340,496,221,50,2356,162,37,46
5,an15,201904_ymaze_cfos,CNO_control_reversal,831,4148,3701,1650,312,1976,1191,19149,55563,1322,2264,7709,14053,9719,1521,1254,3613,11919,2503,3307,596,2437,42305,24780,3971,80267,7124,1064,3595,359,42,23443,1480,1565,2998,0,4294,0,1195,1023,12,2419,2398,868,802,263,108,298,4269,392,273,444,670,1109,150,474,265,776,1253,5911,6,508,133,310,213,51,1461,35,355,0,0,0,19,136,1849,11,145,135,8852,1468,175,491,612,5040,0,0,524,363,197,0,1731,0,0,13045,4921,2734,2862,38,225,90,127,0,3943,2888,2449,978,18,68,2,309,2453,0,0,479,1195,863,341,99,5631,225,68,58
6,an16,201904_ymaze_cfos,CNO_control_reversal,787,3495,3781,2683,308,1677,1591,8750,32120,724,1811,5969,14052,5134,823,646,1868,9915,1914,3044,664,2412,49083,30924,3553,62718,5361,975,1188,90,7,18072,1886,1603,2352,0,5118,0,1120,926,12,3850,4146,624,585,147,55,238,4334,379,362,260,814,562,120,378,431,1055,1312,4759,22,1038,145,148,135,32,958,15,198,0,0,0,28,129,1691,2,118,342,5324,1101,121,439,679,4475,0,0,630,313,182,0,1645,0,0,13804,5355,2800,3027,60,169,68,65,0,3778,2074,3097,1283,26,67,13,600,2273,0,6,607,1072,884,493,240,6886,270,139,209
7,an17,201904_ymaze_cfos,CNO_control_reversal,1520,8023,8508,5973,677,3911,2991,30515,108781,3176,5045,17746,51456,11055,939,730,4645,34748,7158,9473,2587,6750,99676,66654,8169,106279,9887,1780,4349,382,72,42243,5084,4426,6541,0,10905,0,2385,1710,11,7466,7435,1816,1550,368,169,449,8265,766,962,672,1071,2018,349,966,854,1923,2207,11355,31,1580,271,279,258,58,1793,46,372,0,0,0,66,251,1857,13,200,334,15362,2557,521,1046,1878,11252,0,0,927,410,308,0,2050,0,0,22260,10423,3496,3230,127,112,135,180,0,5372,2140,4154,2311,52,200,34,1059,1642,0,1,922,826,1256,773,333,7777,282,159,316
8,an18,201904_ymaze_cfos,CNO_control_reversal,764,4595,5110,1484,382,1818,857,25337,83012,2353,3811,10350,27447,12050,1837,1292,4411,22645,4334,4595,997,3423,59904,31381,4951,84598,7058,1299,4055,492,80,38173,4120,4692,5398,0,8343,0,1966,1444,15,5063,4995,1476,1362,266,184,412,6435,899,1061,374,1077,2273,446,980,828,1433,2029,10739,25,869,107,312,161,47,1209,52,328,0,0,0,29,140,1707,11,101,180,12535,1627,123,893,754,9182,0,0,595,264,122,0,2249,0,0,14898,7455,2792,3581,141,133,89,168,0,3911,3523,2338,1120,39,114,16,784,2788,0,0,461,1688,771,541,304,7286,373,98,185
9,an9,201904_ymaze_cfos,CNO_control_reversal,204,2052,636,1205,138,387,415,6521,19618,692,1045,3131,4863,1471,252,161,957,4109,759,1661,450,1040,6773,16431,1687,6427,742,131,381,27,1,2388,255,165,236,0,947,0,61,65,0,374,513,94,118,45,12,42,822,11,21,64,27,40,12,18,71,96,71,425,0,33,43,23,48,21,278,0,26,0,0,0,4,62,988,1,49,68,1219,291,80,42,373,260,0,0,173,78,118,0,244,0,0,2069,782,524,170,3,46,2,6,0,502,428,807,1050,8,5,0,58,1941,0,1,109,434,253,20,6,1174,10,11,16
0,an29,201904_ymaze_cfos,homecage_control,871,4616,3213,3700,358,2088,1613,31599,80227,2884,5121,17777,40552,9614,2200,853,4558,24040,6522,8779,1395,4366,46202,39766,5990,58454,5256,900,1630,114,42,14391,1386,896,2011,0,4755,0,710,540,4,2672,3781,438,390,116,54,142,3557,257,425,226,388,679,144,347,285,928,838,3806,14,534,72,121,124,44,740,14,169,0,0,0,16,121,1399,1,98,148,4152,1082,124,280,536,3428,0,0,546,318,193,0,741,0,0,9148,3467,1632,1164,50,122,54,35,0,1711,1502,1369,1562,29,149,13,547,3071,0,1,304,769,638,411,127,3587,152,50,67
1,an30,201904_ymaze_cfos,homecage_control,1046,3202,3055,4602,372,1430,1664,28897,85299,2450,4486,19364,51725,11795,1654,990,3779,26309,7503,9253,1249,4519,40687,37960,4727,60991,5529,846,2645,247,35,16266,1256,973,1667,0,3423,0,581,569,5,1716,2215,869,855,165,60,224,3504,243,238,267,248,693,109,315,373,769,695,3511,4,402,123,169,58,69,878,38,147,0,0,0,17,126,1604,13,191,387,5494,1019,100,504,1038,4090,0,0,367,145,105,0,932,0,0,6696,4503,1164,1105,32,153,20,29,0,1636,1217,1448,1457,10,13,3,220,4207,0,0,288,1541,482,121,45,3492,93,42,81
2,an31,201904_ymaze_cfos,homecage_control,1056,4896,827,6767,132,2251,2653,21856,71553,2406,3494,21524,63253,12042,2626,1440,7131,26160,8599,11002,1887,5911,48260,51353,7401,68955,6860,950,3455,201,27,15679,1487,1803,2224,0,4602,0,830,731,3,2811,2812,782,546,145,48,145,3125,166,336,143,199,651,114,245,350,536,845,4224,7,373,210,174,153,27,802,21,157,0,0,0,19,135,1697,3,282,505,6438,1123,149,436,1521,3867,0,0,429,221,251,0,528,0,0,8439,4270,1654,634,37,97,57,39,0,1776,455,1499,1475,13,57,11,313,1311,0,0,361,529,547,311,100,2838,142,40,78
3,an32,201904_ymaze_cfos,homecage_control,399,3702,2512,973,318,1403,1118,22871,63108,1972,3621,15277,30119,7155,1214,894,3381,15829,5199,7801,1824,3883,41181,34927,4595,52843,2767,609,1735,326,42,11543,1420,2090,1767,0,3830,0,535,378,5,2481,2853,497,454,57,29,129,2685,246,657,146,221,1207,137,254,304,661,705,2908,8,334,0,145,65,30,577,19,197,0,0,0,0,0,454,15,57,73,4550,1001,0,467,174,3431,0,0,443,175,142,0,673,0,0,8755,3388,1044,1322,16,59,41,30,0,1817,629,1285,393,17,113,24,398,352,0,0,439,1010,497,298,109,2529,122,50,60
4,an33,201904_ymaze_cfos,homecage_control,439,2326,1574,2445,183,1425,717,28224,72137,2477,4112,16427,34400,9256,1631,849,4962,17113,6038,8029,1185,4027,36124,28725,3988,55861,4714,620,1544,103,15,8506,1002,514,1326,0,2758,0,497,469,1,2463,2524,471,340,103,47,125,2557,126,200,178,137,409,79,224,158,521,460,2049,13,146,82,108,167,40,864,26,106,0,0,0,16,123,419,0,53,97,1792,881,59,78,291,1420,0,0,370,213,175,0,266,0,0,7545,2685,1104,705,40,49,43,41,0,1140,602,813,1250,15,74,11,439,2460,0,1,167,897,398,287,139,2617,146,40,67
0,an19,201904_ymaze_cfos,lobVI_reversal,326,1705,574,2739,91,691,784,4518,16353,485,1130,3949,12137,3966,348,400,829,4619,1755,2455,1183,2365,17493,29788,2034,14224,2016,228,890,15,16,2947,188,182,139,0,452,0,53,62,0,608,213,63,35,17,0,7,389,21,21,12,129,69,5,28,40,149,151,251,3,194,221,39,27,34,492,8,62,0,0,0,56,235,1870,0,147,81,3110,809,142,53,841,243,0,0,276,187,227,0,351,0,0,2159,1578,466,125,3,148,8,2,0,413,1016,533,1532,6,79,6,275,2222,0,0,58,342,236,191,73,1069,35,13,27
1,an21,201904_ymaze_cfos,lobVI_reversal,56,493,33,1052,6,77,453,6212,18196,779,806,2172,4767,1905,558,427,1283,3401,646,1334,458,998,5832,11741,997,3770,849,195,87,1,0,3079,24,68,179,0,368,0,54,36,0,252,106,13,4,1,1,3,114,7,14,1,38,33,2,3,2,24,23,104,0,57,53,20,45,32,229,2,9,0,0,0,2,72,1217,0,76,105,1076,191,20,40,400,230,0,0,155,79,87,0,320,0,0,972,385,563,59,2,87,2,1,0,202,389,406,317,5,15,1,66,529,0,0,38,102,195,29,12,447,12,4,11
2,an22,201904_ymaze_cfos,lobVI_reversal,363,1237,473,1893,89,361,491,9335,32723,751,1853,4965,13116,2943,516,479,1449,8234,2023,1820,451,1205,10524,16640,1798,11327,2184,215,259,7,3,3338,66,69,65,0,293,0,67,56,1,203,99,55,36,25,0,9,379,1,3,24,6,24,0,3,14,24,15,190,1,20,48,21,45,17,313,5,26,0,0,0,14,127,1251,0,71,134,2701,443,30,85,459,335,0,0,159,131,112,0,341,0,0,1583,782,329,98,7,103,6,13,0,428,610,492,1024,12,13,6,123,2178,0,0,136,503,237,64,24,1006,14,4,22
3,an23,201904_ymaze_cfos,lobVI_reversal,112,467,221,477,19,293,258,3568,11876,175,372,1484,2557,893,165,124,771,2681,405,492,182,405,5245,6606,661,8433,622,77,80,1,0,2568,197,183,108,0,242,0,37,67,1,157,155,26,17,2,3,7,115,20,30,6,22,87,16,17,21,41,60,117,3,64,12,19,24,16,198,4,14,0,0,0,1,46,726,1,25,29,2618,181,11,108,155,340,0,0,102,74,49,0,477,0,0,1088,489,478,321,12,74,1,15,0,583,636,408,150,6,9,4,153,328,0,0,96,486,292,24,61,2096,67,21,24
4,an24,201904_ymaze_cfos,lobVI_reversal,287,1416,1311,540,87,667,313,12969,38089,765,1003,2937,7611,7533,873,532,2725,9532,1339,1025,248,865,23913,16642,2248,45562,4991,721,739,21,19,11254,147,300,449,0,520,0,345,301,2,393,234,50,31,11,11,9,191,9,82,13,26,177,34,38,38,72,74,965,0,21,20,35,52,38,397,4,57,0,0,0,3,69,1214,1,30,31,5687,737,37,251,209,1034,0,0,660,464,194,0,1490,0,0,1627,832,524,1098,9,116,14,49,0,1535,1617,526,276,9,29,13,308,645,0,0,97,1010,252,124,145,3628,164,42,71
5,an25,201904_ymaze_cfos,lobVI_reversal,372,1567,1099,1392,167,762,960,11198,32163,915,1164,2524,4165,5448,760,772,2280,4957,919,1084,419,1341,18327,14551,2456,40525,3642,564,627,16,23,7867,201,476,176,0,504,0,115,220,0,237,200,40,124,8,8,30,262,4,61,77,73,304,16,33,28,27,61,646,0,21,48,79,83,35,687,13,66,0,0,0,14,149,1560,5,113,151,6177,645,39,226,508,1032,0,0,411,202,185,0,990,0,0,1974,635,349,639,10,139,28,10,0,1231,1578,891,282,15,33,10,351,307,0,0,153,144,364,170,133,1956,142,39,52
6,an26,201904_ymaze_cfos,lobVI_reversal,384,843,1003,510,150,454,242,11857,44233,435,881,4164,8635,4094,383,315,889,12721,2108,1397,311,728,18360,16699,1066,30164,871,224,598,3,15,7146,270,1383,1386,0,723,0,426,655,3,311,331,15,26,0,13,8,238,29,206,21,16,970,29,62,51,16,116,1660,0,13,0,59,106,17,406,14,93,0,0,0,0,1,331,3,28,101,3613,636,0,1209,182,6307,0,0,666,311,163,0,1383,0,0,2442,558,1020,2870,79,54,16,20,0,2754,1412,1030,213,8,54,13,261,387,0,0,574,717,525,123,88,3873,77,49,73
7,an27,201904_ymaze_cfos,lobVI_reversal,561,1516,481,3477,87,437,1018,11938,34585,966,1626,3783,11277,4651,695,566,2245,8369,1560,1848,823,1375,13565,19252,2457,19320,3787,364,155,8,2,5509,88,139,88,0,300,0,80,93,0,190,122,14,27,7,0,6,163,2,12,14,25,61,6,3,10,25,41,189,0,7,112,23,110,82,641,2,38,0,0,0,17,221,1907,1,121,165,4299,783,103,109,944,469,0,0,163,187,93,0,575,0,0,1455,549,436,177,7,156,10,4,0,559,1028,524,951,14,64,7,288,2613,0,0,74,838,232,122,85,1257,51,22,54
8,an28,201904_ymaze_cfos,lobVI_reversal,1066,1863,872,4363,140,455,1532,23377,71075,2441,4782,13539,23202,4965,707,832,3434,15812,3887,6384,1558,3602,17636,31424,2790,11803,3647,483,306,1,13,7442,135,214,128,0,394,0,114,180,0,267,451,37,37,6,3,7,268,11,44,7,22,205,12,23,24,102,61,232,2,13,167,44,147,72,806,3,61,0,0,0,11,229,2258,0,127,258,5361,1029,161,126,1310,645,0,0,530,298,294,0,585,0,0,3738,444,707,243,5,199,14,25,0,791,1309,813,1412,33,73,15,449,2870,0,1,204,644,289,303,126,1817,68,31,65
0,an19,201908_tpham_ymaze_cfos,CNO_control_reversal,13,31,31,27,3,18,6,258,462,31,44,73,61,175,33,16,101,93,9,51,19,52,556,367,59,1403,125,12,24,4,1,124,61,22,77,0,170,0,5,6,0,68,154,37,20,8,1,11,157,15,8,3,12,9,5,22,24,41,45,95,0,16,2,3,0,1,15,0,0,0,0,0,0,5,13,0,0,2,39,9,2,3,11,13,0,0,5,0,0,0,3,0,0,106,47,23,11,2,1,0,0,0,8,9,24,11,0,0,0,1,14,0,0,3,7,3,1,0,27,0,0,4
1,an20,201908_tpham_ymaze_cfos,CNO_control_reversal,7,126,29,68,5,21,23,218,424,16,18,113,74,134,28,8,65,164,14,77,24,38,538,406,62,791,94,17,58,8,3,159,50,22,37,0,154,0,2,4,0,51,101,31,23,7,4,5,138,7,4,2,19,8,3,5,12,35,26,68,1,4,4,5,0,3,15,0,2,0,0,0,3,12,29,0,0,2,25,13,3,1,12,15,0,0,2,4,3,0,2,0,0,151,21,28,10,0,0,0,0,0,5,12,21,26,0,0,0,0,27,0,0,0,8,4,0,0,33,1,0,0
2,an21,201908_tpham_ymaze_cfos,CNO_control_reversal,8,111,47,144,6,35,38,530,706,55,76,64,128,274,53,37,175,171,21,75,35,76,621,672,139,1811,145,30,105,15,4,240,43,22,36,0,124,0,2,2,0,31,76,32,10,5,1,9,157,31,5,6,16,18,5,31,18,44,47,63,0,17,2,5,1,0,14,0,5,0,0,0,2,4,33,0,1,1,37,9,5,2,25,27,0,0,1,0,1,0,5,0,0,134,52,15,7,0,3,0,2,0,10,25,22,33,1,0,1,2,30,0,0,5,15,4,1,1,34,1,0,0
3,an22,201908_tpham_ymaze_cfos,CNO_control_reversal,48,259,195,206,22,85,71,1408,3612,139,229,480,1087,814,163,148,396,849,143,260,80,195,2707,1865,331,4726,642,80,304,18,7,804,112,85,105,0,223,0,40,54,1,90,192,45,51,12,10,20,163,23,5,27,28,49,5,29,24,50,66,146,0,16,11,24,8,1,113,2,19,0,0,0,3,9,126,2,16,32,417,99,5,14,74,215,0,0,15,11,7,0,48,0,0,616,186,75,59,0,11,3,3,0,153,99,127,113,2,8,0,39,124,0,1,46,118,52,23,18,272,14,4,9
4,an23,201908_tpham_ymaze_cfos,CNO_control_reversal,63,300,167,249,21,93,101,1733,4176,109,254,545,997,733,145,107,328,935,152,305,68,193,2644,2223,400,3968,353,33,211,11,3,866,81,91,101,0,226,0,50,58,0,102,154,41,26,8,5,7,185,23,35,24,25,60,12,25,24,40,48,155,0,12,8,19,13,3,112,2,25,0,0,0,4,6,129,0,11,31,379,122,13,32,66,226,0,0,15,5,4,0,65,0,0,637,218,83,83,3,13,3,2,0,136,99,156,92,2,5,2,39,138,0,1,43,120,62,16,16,307,13,4,8
5,an24,201908_tpham_ymaze_cfos,CNO_control_reversal,25,219,126,184,17,97,82,1725,3790,114,141,461,965,857,165,106,382,683,164,183,91,153,2507,1477,277,4761,521,56,280,29,8,687,90,112,93,0,223,0,39,55,0,86,149,47,44,10,4,21,180,13,11,21,25,32,1,14,21,57,52,181,0,30,4,16,15,1,84,0,11,0,0,0,2,15,118,2,10,16,331,63,5,13,56,188,0,0,13,5,5,0,66,0,0,618,211,76,116,3,7,2,3,0,140,103,142,117,0,4,0,25,141,0,0,25,96,59,6,10,286,16,2,3
6,an25,201908_tpham_ymaze_cfos,CNO_control_reversal,39,124,97,210,10,62,63,1566,3748,91,163,569,1196,647,91,101,295,784,155,263,65,157,2058,1432,206,2296,374,32,168,10,4,519,56,72,41,0,125,0,25,47,0,83,64,28,26,6,2,10,94,10,18,17,19,42,1,15,6,28,48,102,1,16,6,14,9,0,104,1,27,0,0,0,2,12,112,0,13,18,328,89,6,16,59,132,0,0,19,13,8,0,56,0,0,695,142,86,57,2,10,0,2,0,129,86,143,58,2,9,1,45,92,0,0,31,105,44,22,7,260,13,4,10
0,an10,201908_tpham_ymaze_cfos,CNOnCrusILT,10,123,43,54,4,24,23,224,638,18,28,127,171,152,18,25,100,182,26,65,36,76,815,583,90,682,60,3,110,22,0,152,101,36,100,0,255,0,17,13,0,110,203,29,23,10,3,16,180,32,25,13,36,26,12,40,31,46,89,119,0,22,4,2,2,2,14,0,3,0,0,0,5,5,38,0,4,2,65,13,6,2,26,52,0,0,8,0,0,0,7,0,0,262,74,36,8,2,2,2,0,0,34,29,46,41,0,1,0,9,70,0,0,17,32,18,0,8,112,6,2,4
1,an11,201908_tpham_ymaze_cfos,CNOnCrusILT,18,197,106,259,10,46,75,459,920,33,120,155,220,336,46,53,131,261,37,116,76,133,1166,1184,192,2690,259,19,142,19,3,378,125,50,110,0,231,0,17,22,0,100,196,49,53,10,5,21,187,22,13,10,24,33,4,32,28,59,71,165,0,22,3,8,2,0,21,0,11,0,0,0,1,2,52,0,2,6,107,22,0,4,14,57,0,0,12,2,5,0,12,0,0,366,116,42,32,1,3,6,0,0,50,40,75,29,0,0,1,8,70,0,0,18,36,11,5,8,86,9,1,4
2,an12,201908_tpham_ymaze_cfos,CNOnCrusILT,13,51,48,68,4,30,28,155,340,23,38,55,90,94,14,4,61,105,23,34,13,17,568,426,87,1095,69,8,55,9,2,190,62,27,69,0,213,0,9,3,0,61,125,28,23,6,1,13,186,26,4,7,19,9,2,20,16,42,34,104,0,12,3,3,0,0,7,0,1,0,0,0,3,3,25,0,2,1,44,13,1,4,5,35,0,0,5,2,2,0,5,0,0,160,61,25,16,1,1,0,2,0,15,27,29,16,0,0,0,1,31,0,0,7,12,10,0,3,47,3,0,1
3,an13,201908_tpham_ymaze_cfos,CNOnCrusILT,16,143,67,153,13,57,48,449,687,44,74,122,126,185,44,48,129,142,24,115,29,88,1145,761,137,2094,204,17,164,23,3,254,65,32,73,0,212,0,13,16,0,60,149,47,32,11,9,16,147,17,9,17,18,15,10,18,29,46,48,103,1,19,0,5,4,3,19,0,4,0,0,0,1,9,59,1,4,5,72,13,1,1,24,55,0,0,5,0,0,0,4,0,0,272,84,31,21,2,1,1,3,0,14,37,38,31,0,0,0,8,50,0,0,2,18,6,1,5,52,5,1,0
4,an14,201908_tpham_ymaze_cfos,CNOnCrusILT,16,76,62,72,11,49,20,773,1234,92,161,252,292,350,63,24,156,280,41,182,74,141,1127,805,148,2411,226,30,99,13,3,232,84,65,67,0,249,0,16,15,0,121,225,42,28,6,4,11,205,22,30,9,15,20,17,46,20,60,77,80,0,4,0,3,2,1,25,1,4,0,0,0,2,8,36,0,2,2,41,12,0,0,9,38,0,0,5,1,1,0,1,0,0,243,108,28,13,1,1,0,1,0,19,25,24,8,0,0,0,3,32,0,0,6,10,3,0,0,37,3,0,1
5,an16,201908_tpham_ymaze_cfos,CNOnCrusILT,73,349,209,141,42,104,169,3608,6406,239,232,970,1910,1048,333,161,726,1473,293,392,75,120,2710,1947,592,4653,367,30,277,14,9,877,60,197,64,0,203,0,38,32,0,112,188,13,39,7,2,4,159,14,70,12,14,88,18,21,15,42,44,100,0,21,0,19,8,1,76,4,30,0,0,0,0,1,94,0,18,20,295,86,3,20,36,256,0,0,17,14,3,0,41,0,0,523,219,79,130,0,12,1,4,0,130,78,124,73,0,6,1,15,56,0,0,43,78,46,15,6,322,10,1,2
6,an17,201908_tpham_ymaze_cfos,CNOnCrusILT,61,329,218,439,37,127,157,1913,3789,157,229,572,1166,1062,168,118,356,840,184,377,96,284,2977,2012,474,5045,694,65,288,23,8,877,101,102,83,0,207,0,30,49,2,74,122,47,48,10,6,19,144,28,43,23,40,65,18,44,30,39,71,171,0,21,3,21,24,5,119,1,23,0,0,0,2,6,110,1,21,24,455,127,14,19,73,213,0,0,14,13,6,0,69,0,0,698,200,68,89,2,6,3,1,0,126,84,126,104,2,9,0,44,116,0,1,34,123,46,23,15,295,14,4,12
7,an18,201908_tpham_ymaze_cfos,CNOnCrusILT,76,335,276,530,37,139,198,2246,4431,162,200,759,2283,1102,207,153,592,1244,308,445,90,290,3399,2529,540,5391,838,82,323,14,8,1189,53,81,81,0,236,0,41,56,0,109,148,31,34,10,5,21,180,9,2,22,24,50,4,14,15,36,34,173,1,7,12,28,18,6,135,3,28,0,0,0,0,5,75,2,16,49,447,122,11,22,92,265,0,0,18,6,5,0,46,0,0,689,190,75,102,1,5,1,3,0,137,111,150,139,0,5,2,44,122,0,0,39,123,52,28,15,310,11,6,13
0,an01,201908_tpham_ymaze_cfos,CNOnCrusIRT,15,64,40,94,1,28,40,250,332,18,26,43,107,136,26,17,92,121,21,19,11,32,819,383,47,1217,112,14,96,19,4,200,71,13,102,0,216,0,16,5,0,60,138,51,11,9,0,5,190,13,5,5,13,2,2,14,17,31,12,159,0,8,5,7,1,5,18,0,0,0,0,0,0,7,38,0,1,11,35,4,6,2,38,29,0,0,0,0,0,0,2,0,0,140,42,15,7,1,1,0,0,0,9,19,18,17,0,1,0,3,21,0,0,1,3,3,1,1,33,2,1,0
1,an02,201908_tpham_ymaze_cfos,CNOnCrusIRT,24,54,33,28,6,19,16,628,949,60,74,145,258,188,36,19,88,165,47,118,21,54,607,395,27,1156,135,3,82,14,2,188,15,7,20,0,123,0,4,0,0,44,99,11,15,10,1,7,169,8,4,5,20,11,3,10,10,44,32,44,0,13,0,1,14,1,17,0,0,0,0,0,0,0,23,0,1,8,80,21,0,10,7,14,0,0,0,0,4,0,19,0,0,123,45,20,7,0,4,1,2,0,10,45,13,18,0,0,0,0,43,0,0,2,24,1,0,2,17,0,0,0
2,an03,201908_tpham_ymaze_cfos,CNOnCrusIRT,9,105,47,70,12,26,19,302,440,43,45,22,83,214,39,26,92,130,5,38,15,26,532,419,107,1422,157,21,91,11,1,201,80,16,63,0,186,0,1,3,0,24,139,27,21,12,0,9,193,7,1,7,10,6,2,14,15,33,17,107,0,8,0,3,3,3,11,0,4,0,0,0,1,3,32,0,1,1,44,23,0,1,11,18,0,0,1,0,3,0,1,0,0,65,29,17,7,1,0,0,1,0,6,14,21,24,1,0,0,0,38,0,0,2,11,4,0,0,39,0,0,0
3,an04,201908_tpham_ymaze_cfos,CNOnCrusIRT,8,78,22,64,6,32,11,378,549,34,78,95,130,136,48,10,113,104,29,81,31,83,418,414,76,1238,104,9,76,17,1,160,57,2,63,0,173,0,0,0,0,32,112,47,16,11,0,14,157,20,1,7,22,2,2,23,22,50,25,89,0,14,1,1,1,0,2,0,0,0,0,0,2,2,14,0,0,0,13,9,0,0,10,6,0,0,0,0,0,0,0,0,0,49,28,6,5,0,1,0,1,0,1,5,7,5,0,0,0,0,8,0,0,4,4,2,0,2,18,1,0,0
4,an05,201908_tpham_ymaze_cfos,CNOnCrusIRT,10,117,40,187,9,43,56,362,640,35,48,119,273,265,55,31,101,237,29,75,29,63,854,643,90,1616,202,16,69,7,2,232,42,8,85,0,190,0,3,6,0,36,137,14,4,3,0,4,134,11,0,3,10,4,0,6,11,46,24,94,0,13,2,5,2,3,21,0,0,0,0,0,1,2,51,0,1,2,54,10,2,2,22,12,0,0,4,0,2,0,4,0,0,202,52,24,14,0,0,1,0,0,21,31,28,16,0,1,0,5,37,0,0,5,15,6,1,3,51,4,0,0
5,an06,201908_tpham_ymaze_cfos,CNOnCrusIRT,26,163,142,109,10,82,55,1060,2508,94,107,364,762,483,63,56,166,449,99,155,38,148,1716,981,230,3392,307,40,188,9,3,381,33,51,60,0,120,0,20,52,0,42,72,13,9,5,6,11,73,11,8,16,24,33,8,21,14,27,29,86,0,10,10,16,13,5,93,1,19,0,0,0,0,9,57,0,7,10,282,65,7,4,37,113,0,0,11,11,4,0,41,0,0,804,103,66,65,4,5,0,1,0,103,81,121,21,0,2,0,14,81,0,0,16,84,27,15,13,86,9,2,5
6,an07,201908_tpham_ymaze_cfos,CNOnCrusIRT,38,190,92,101,23,42,45,1130,3012,99,134,402,986,566,91,55,287,567,127,251,37,73,1614,1262,174,2898,120,18,192,9,3,566,32,105,39,0,78,0,28,14,1,53,57,27,32,5,0,9,136,5,29,25,8,82,4,10,3,21,12,66,0,7,0,13,9,0,47,0,13,0,0,0,0,8,57,1,7,15,170,57,0,12,36,160,0,0,19,6,3,0,33,0,0,409,123,72,86,1,10,3,4,0,122,89,108,70,0,5,1,13,72,0,0,28,66,41,9,8,207,0,1,3
7,an08,201908_tpham_ymaze_cfos,CNOnCrusIRT,36,191,151,169,18,54,107,838,2013,44,103,344,673,461,45,54,133,508,87,146,31,138,1626,1195,167,1735,252,31,170,13,7,411,52,73,63,0,117,0,27,43,0,85,67,34,22,8,3,9,119,9,17,8,14,44,8,18,12,17,20,111,0,8,8,18,9,7,79,0,12,0,0,0,0,12,115,0,7,28,303,61,2,16,44,132,0,0,14,7,5,0,62,0,0,580,147,80,76,3,13,4,4,0,103,84,123,55,2,5,3,41,105,0,0,38,87,55,21,14,199,13,4,7
8,an09,201908_tpham_ymaze_cfos,CNOnCrusIRT,21,147,69,136,3,61,90,708,1707,99,115,258,685,365,45,53,102,451,54,147,55,173,1328,1280,183,1561,147,14,104,0,2,345,53,52,26,0,96,0,26,36,0,50,110,10,6,0,0,1,47,24,15,4,12,34,6,11,16,27,26,20,0,7,2,24,11,10,88,1,25,0,0,0,0,17,78,0,11,3,338,73,11,13,40,110,0,0,19,8,3,0,47,0,0,591,115,66,54,2,3,1,1,0,113,84,119,81,0,6,1,29,90,0,0,36,92,44,18,15,212,12,1,6
0,an21_crus1_lat,202002_cfos,CNO_control_reversal,1111,1984,1522,1470,131,577,1379,18744,48344,415,1926,3579,7352,9942,1002,1207,3530,13159,838,1659,457,1333,51083,26601,2226,70893,8470,691,2014,37,43,11444,690,259,251,0,433,0,632,446,0,1300,309,244,253,73,29,101,685,79,136,327,237,684,57,78,29,136,71,2110,0,87,17,434,257,84,1863,27,525,0,0,0,2,452,1193,5,8,0,9007,1593,88,376,316,1919,0,0,392,99,152,0,1183,0,0,13963,3062,1098,883,26,84,6,41,0,1345,4679,3278,848,21,101,36,812,2823,0,0,277,878,731,507,538,3370,125,114,250
1,an22_crus1_lat,202002_cfos,CNO_control_reversal,846,1917,1541,521,136,559,484,25934,56268,1053,2650,2960,11170,21009,1449,2324,3407,12570,1513,1613,581,1479,42740,24389,2438,69942,7876,765,2813,68,50,11889,793,1323,245,0,197,0,542,779,3,1847,566,508,758,99,1,224,1018,104,726,105,72,363,163,206,365,158,144,1276,0,116,4,625,221,68,2364,30,384,0,0,0,0,156,1550,9,56,58,7322,1551,75,347,618,2084,0,0,428,127,242,0,1332,0,0,9793,3736,936,439,2,83,4,87,0,1109,5230,2212,570,17,40,7,280,1531,0,0,193,1168,361,195,184,3189,36,17,42
2,an23_crus1_lat,202002_cfos,CNO_control_reversal,895,1636,1357,533,132,1101,396,19859,47165,277,595,2861,8820,12688,1202,1229,1883,11969,1225,1044,106,686,39864,23508,2231,68007,6661,935,2688,59,123,8490,35,546,152,0,157,0,608,773,1,1363,182,13,25,9,55,37,146,57,131,90,115,545,78,169,19,9,98,728,0,35,2,361,90,15,955,13,132,0,0,0,6,65,944,3,34,29,2856,730,12,324,129,1177,0,0,325,32,126,0,590,0,0,9671,4988,815,209,0,30,6,5,0,891,2436,1711,217,8,24,7,236,1063,0,0,166,473,114,560,226,1599,80,21,50
3,an24_crus1_lat,202002_cfos,CNO_control_reversal,544,2190,1682,933,189,1192,582,18814,38504,377,820,2735,8000,11264,1425,1453,2668,9995,1165,1292,210,1100,45581,25279,2662,71550,8015,1130,2196,17,89,12881,241,661,358,0,618,0,488,937,4,2337,860,168,110,27,49,71,719,146,115,177,124,853,37,137,48,352,297,1813,0,111,8,314,199,84,1969,28,432,0,0,0,17,24,2499,1,143,81,7277,1370,16,421,458,2168,0,0,486,82,134,0,1375,0,0,12018,5499,1036,581,8,25,24,27,0,1657,735,3150,1107,30,95,48,1211,1920,0,3,473,1468,912,898,305,5500,162,93,125
4,an25_crus1_lat,202002_cfos,CNO_control_reversal,1344,2297,1852,818,211,843,689,15233,40670,968,1912,2763,16235,10888,2023,2089,4201,10849,1776,1577,210,1251,34195,23729,2595,62096,8338,919,2064,35,106,13059,616,847,372,0,511,0,373,598,2,790,337,114,198,11,3,117,354,60,213,31,42,508,48,77,70,104,199,1521,4,116,8,334,61,54,838,12,231,0,0,0,24,177,2321,1,95,47,6519,988,35,260,520,1878,0,0,462,95,226,0,1420,0,0,10703,1233,1406,589,37,213,21,1,0,1063,2433,2538,948,70,43,15,772,998,0,0,281,118,691,653,378,2731,150,61,141
0,an1_crus1_lat,202002_cfos,CNOnCrusILT,1377,1716,2766,1115,169,830,747,15290,45947,774,1204,2023,10563,9287,809,1250,2998,8795,1421,573,213,582,42775,29553,2530,75341,5506,1216,3343,62,291,11294,296,655,563,0,303,0,202,541,0,620,314,76,66,24,3,44,393,28,92,53,70,356,38,55,115,53,196,1194,4,46,10,137,71,82,772,5,111,0,0,0,8,272,1439,9,129,113,6192,1076,103,323,849,1815,0,0,334,236,246,0,2025,0,0,6418,1080,1140,1392,42,76,49,8,0,2317,3247,3324,1542,62,70,26,1071,4419,0,1,442,2156,1158,823,319,6418,24,82,363
1,an15_crus1_lat,202002_cfos,CNOnCrusILT,1215,1913,1936,1918,183,827,813,17993,52157,757,1400,3362,9939,12057,1538,1754,3884,8842,1342,1023,177,837,44647,28798,2522,64208,8088,1033,1788,67,36,12956,445,456,263,0,342,0,226,383,1,1916,379,152,121,14,0,1,734,76,99,44,365,522,13,52,35,301,94,545,18,744,59,437,156,74,1566,20,232,0,0,0,0,245,3256,0,138,101,5272,1140,35,178,568,976,0,0,334,420,381,0,2310,0,0,10895,6786,1911,853,12,285,32,61,0,2135,3225,6833,1191,8,211,27,784,2454,0,3,827,2327,1130,383,332,5911,160,38,74
2,an16_crus1_lat,202002_cfos,CNOnCrusILT,900,1662,2469,696,113,981,306,29443,91988,917,1613,6039,17729,14374,2184,1990,3407,14608,2509,1662,408,1312,36228,26167,2534,93899,8275,941,2202,20,82,9144,371,658,234,0,211,0,229,574,3,1198,270,56,94,15,1,11,403,44,152,19,72,430,18,42,106,101,268,692,0,27,18,335,74,27,894,10,126,0,0,0,1,61,1965,0,114,17,4808,632,8,170,415,1216,0,0,410,320,287,0,2296,0,0,10180,3150,3378,1399,13,125,10,19,0,2750,2311,3880,1585,40,64,27,559,1430,0,0,1058,591,1745,232,185,6366,61,56,78
3,an17_crus1_lat,202002_cfos,CNOnCrusILT,532,2380,1846,1129,184,1158,408,19041,52275,1045,2351,2542,9761,15354,1580,2137,2659,8146,1636,1123,105,924,37313,24750,3534,94359,8481,1117,1993,18,179,9766,253,626,120,0,393,0,75,187,0,1163,503,35,57,36,36,93,693,120,232,100,94,355,61,243,117,229,226,546,10,308,16,196,106,80,1568,9,239,0,0,0,6,59,3012,4,181,43,3093,1706,17,101,495,769,0,0,431,252,278,0,1927,0,0,6584,1149,2235,1152,134,138,14,54,0,1696,1089,2077,469,16,196,64,1072,639,0,0,469,215,723,575,332,2810,240,118,199
4,an2_crus1_lat,202002_cfos,CNOnCrusILT,1810,1907,2961,2156,253,331,1261,38398,71524,1041,1737,4338,25581,22821,1915,1618,4926,21504,4138,1835,661,1878,34747,35766,3309,42929,5532,687,2410,58,15,19068,547,1651,206,0,206,0,408,846,3,657,254,422,414,48,11,155,582,37,684,333,125,1240,73,124,144,73,151,991,5,106,18,373,230,220,2363,5,247,0,0,0,1,148,1620,16,52,48,11743,2626,16,407,870,3047,0,0,752,530,272,0,1969,0,0,13495,2037,3430,1524,87,105,129,167,0,4496,3464,3681,664,7,176,11,268,2601,0,1,519,2116,990,281,85,5747,26,12,12
5,an5_crus1_lat,202002_cfos,CNOnCrusILT,1060,2557,1831,662,164,990,1316,27260,52980,1139,1417,2597,6973,18273,1870,2026,3067,9792,882,1216,396,1052,63889,31708,2980,105666,8855,1275,3189,42,230,11792,322,1378,100,0,283,0,460,535,2,2514,697,149,157,18,25,22,1163,126,453,60,215,559,69,315,379,616,720,702,19,696,0,369,216,41,2036,17,284,0,0,0,0,124,3573,5,184,42,5951,1717,3,175,222,1500,0,0,429,267,222,0,3063,0,0,11005,8180,2053,1405,23,226,27,9,0,2619,3484,3469,288,43,236,38,1259,975,0,9,911,547,1653,851,599,6404,49,96,134
6,an6_crus1_lat,202002_cfos,CNOnCrusILT,1243,3227,2341,1305,281,1424,1561,30969,68627,710,1333,2902,15244,25225,1955,1830,3429,18201,2851,864,220,1293,63201,33497,4292,104588,8680,1560,3145,226,168,13259,2834,2596,1599,0,819,0,610,891,1,2217,421,839,710,133,67,175,1455,90,144,506,424,945,99,123,39,273,173,2916,1,134,5,404,147,144,1690,12,213,0,0,0,1,301,4007,20,158,179,13251,1496,22,422,936,3073,0,0,366,223,321,0,3139,0,0,13772,3056,3826,1334,16,259,46,145,0,3439,4463,11927,1657,271,75,64,2514,2563,0,3,1424,1903,1623,2392,268,9175,105,303,453
7,an7_crus1_lat,202002_cfos,CNOnCrusILT,1041,3704,2757,1955,248,988,1197,33401,89299,1584,2296,5457,26173,16095,1962,2964,3760,15346,3063,1612,168,999,49241,31747,4713,83652,9540,1217,3575,69,189,11687,1162,1897,421,0,555,0,557,807,11,1518,489,181,398,37,47,133,577,185,314,211,270,870,156,335,254,385,648,1061,2,439,7,417,194,142,1439,38,235,0,0,0,1,84,4121,4,227,88,11158,1539,40,482,927,2522,0,0,506,277,191,0,3553,0,0,11586,4742,3667,1331,17,287,19,13,0,3333,1158,3530,1048,65,57,38,683,3072,0,6,723,845,1662,224,345,8316,180,208,687
8,an8_crus1_lat,202002_cfos,CNOnCrusILT,2334,3979,3281,1796,313,1296,1614,33949,89928,1158,2715,3896,18083,21467,3185,2993,5956,18815,2206,1522,303,1372,54280,33557,4614,98695,14407,1345,3309,45,188,16561,2924,4133,1517,0,421,0,365,606,4,1452,440,574,797,18,93,132,1454,89,736,203,134,1300,224,310,121,273,339,1943,13,178,57,252,184,73,1965,36,293,0,0,0,0,272,3515,4,173,145,11403,1928,55,389,1093,3876,0,0,593,503,446,0,3422,0,0,11820,2448,2962,1663,75,155,15,0,0,3475,4002,12279,1252,305,49,35,1988,1474,0,5,903,411,1966,1656,278,6190,94,180,669
9,an9_crus1_lat,202002_cfos,CNOnCrusILT,1881,4557,2402,3365,158,1362,2029,32168,70989,1628,1883,2514,9717,26619,1811,2076,2755,16201,1862,1375,434,1292,63518,26613,4517,129589,11778,1326,3896,69,165,15450,1099,1892,416,0,1014,0,937,1000,2,3924,1141,748,575,112,37,94,1932,137,646,211,203,614,133,399,211,739,588,1404,16,605,51,760,216,39,2320,41,357,0,0,0,7,144,3894,16,176,273,8810,2224,20,501,391,3403,0,0,178,323,188,0,3255,0,0,10633,14799,1147,1612,21,155,23,16,0,2193,1997,3044,1177,32,83,47,1047,1309,0,6,664,821,1080,606,573,3794,252,62,138
0,an10_crus1_lat,202002_cfos,CNOnCrusIRT,3201,7255,7678,3911,379,1248,1951,64335,126216,3325,4316,10948,27517,16607,3396,3287,8151,19366,3292,4663,717,3462,51130,37930,6354,38236,11117,1386,2690,27,42,24885,3672,3351,2112,0,2631,0,1124,939,0,3201,1575,878,1024,45,64,175,2317,120,487,314,389,1325,150,224,193,455,747,1926,0,283,6,570,576,228,3531,42,437,0,0,0,9,272,6185,14,529,196,19994,4021,256,922,1302,6918,0,0,525,909,244,0,3946,0,0,14161,8205,2459,2289,27,297,43,16,0,4283,5392,11856,2195,288,64,47,2733,7278,0,4,1310,2813,1223,1750,83,8796,23,135,752
1,an11_crus1_lat,202002_cfos,CNOnCrusIRT,369,3382,1230,2211,288,1042,2245,37464,51607,1459,2546,6599,19173,9592,2196,1040,5578,10550,2413,3078,611,2513,49486,31720,3404,34141,9340,846,2659,73,16,17740,1319,1232,427,0,2271,0,666,794,5,5891,2253,761,708,92,127,243,3124,271,348,276,371,916,169,589,443,887,1591,798,9,846,9,316,228,131,2675,12,530,0,0,0,9,314,3714,12,222,130,10204,3097,72,324,1199,2280,0,0,338,292,309,0,1927,0,0,21605,5560,3527,1409,89,264,44,40,0,2349,2983,2336,1461,7,38,9,363,2929,0,0,337,1403,683,687,145,5597,62,95,331
2,an12_crus1_lat,202002_cfos,CNOnCrusIRT,1753,2940,3557,2175,379,1238,1379,40145,103977,1494,2175,4018,23787,25707,4277,4081,7396,18523,3240,1562,668,1303,48252,26496,4018,120793,11003,1467,2101,155,123,21179,742,1146,866,0,949,0,157,429,0,1516,657,501,740,85,113,224,675,158,393,467,422,1221,203,461,105,220,268,2155,10,286,5,230,226,238,2484,26,203,0,0,0,10,432,2604,0,120,27,10251,1824,93,447,399,2694,0,0,345,373,293,0,1954,0,0,16499,2365,2054,1247,112,151,76,201,0,1427,2574,1876,369,32,96,7,528,1440,0,2,251,920,443,211,287,2587,182,76,76
3,an13_crus1_lat,202002_cfos,CNOnCrusIRT,1454,3930,3908,1664,363,1231,1402,27431,81399,1734,4317,6439,19691,7786,2662,2187,5051,9296,2798,3420,1060,2695,51832,23807,3443,57488,11065,1437,1261,183,46,11251,1424,907,1016,0,3234,0,366,565,5,3980,2009,1007,727,356,22,223,2827,264,120,489,1110,569,61,211,142,1275,1593,1422,16,1104,19,137,67,141,703,0,79,0,0,0,0,183,2168,4,155,45,5416,968,11,242,406,1731,0,0,244,462,218,0,1093,0,0,10407,4499,1328,1453,73,129,59,104,0,996,1483,1587,1370,15,51,14,404,3049,0,1,320,1511,919,211,275,4289,121,26,27
4,an14_crus1_lat,202002_cfos,CNOnCrusIRT,1557,3334,3429,1393,336,1233,1108,12961,32774,669,2928,1482,8332,12326,1519,2243,4346,12104,726,988,308,1020,59065,24726,3813,84693,10477,1573,1057,8,111,15016,1122,1894,491,0,1003,0,314,796,3,2513,735,327,330,16,120,64,829,129,419,166,187,1019,91,299,256,238,850,1640,5,299,9,227,83,121,1395,15,88,0,0,0,1,166,3932,5,215,96,10247,1749,55,548,597,3416,0,0,156,231,447,0,2748,0,0,10172,6508,1500,1947,74,315,63,178,0,1296,4430,2277,503,11,126,16,687,2438,0,1,246,778,696,367,353,4049,101,125,37
5,an18_crus1_lat,202002_cfos,CNOnCrusIRT,1123,1854,2216,1773,183,1112,1122,21469,38830,1046,1972,2106,6109,17467,2723,2022,4737,10765,1117,939,351,1314,36619,27959,3047,101034,10395,1080,2183,78,108,16457,637,1261,369,0,605,0,285,542,0,823,258,299,298,3,41,55,529,36,187,137,89,778,46,99,39,70,124,1115,0,32,6,345,78,67,1160,46,317,0,0,0,1,140,1669,12,121,76,6587,1662,41,220,582,2001,0,0,650,510,456,0,1763,0,0,8857,2441,2530,950,22,95,18,13,0,3723,1045,4066,2676,10,20,51,155,1431,0,0,979,1279,1855,135,17,8898,64,49,93
6,an19_crus1_lat,202002_cfos,CNOnCrusIRT,1503,1362,836,1035,88,952,1080,20241,58916,517,654,2870,14160,12194,1735,1449,3036,13057,1188,1325,451,646,41454,22788,2053,46108,4948,658,3136,23,45,14608,1238,1281,639,0,269,0,356,638,0,762,254,261,233,13,2,33,448,1,91,83,52,83,0,15,44,51,383,971,0,37,61,436,228,118,1711,20,393,0,0,0,7,94,2493,9,127,151,9546,1945,44,445,1355,2734,0,0,368,426,217,0,1453,0,0,7497,2119,2491,963,49,117,114,71,0,2158,2101,3855,367,165,179,23,1200,2009,0,2,436,926,595,1266,301,3903,268,73,221
7,an20_crus1_lat,202002_cfos,CNOnCrusIRT,1325,1584,1662,752,147,1059,533,25670,67000,1405,2925,3769,9106,15809,1476,1918,3440,8587,1937,2119,189,765,35348,24987,2295,65036,8972,1429,2538,22,110,13006,339,616,172,0,400,0,212,340,0,1094,343,44,63,22,18,1,352,38,183,17,67,494,42,136,37,169,85,607,2,127,13,179,116,67,910,5,106,0,0,0,0,197,1704,0,62,19,4238,1330,33,103,284,1142,0,0,476,444,455,0,1192,0,0,11898,3002,1534,1100,53,148,100,132,0,2627,1915,3088,703,48,238,46,1138,1063,0,6,805,758,1468,703,391,4746,326,82,200
8,an3_crus1_lat,202002_cfos,CNOnCrusIRT,1412,2118,1615,1261,144,492,965,20315,50670,523,1355,2520,13713,11574,1302,1263,3494,10406,1825,1394,376,1207,37491,23396,2380,60925,5663,673,2439,9,34,15503,193,732,91,0,329,0,229,519,0,1475,237,370,677,27,63,109,485,122,199,310,221,551,75,184,80,245,527,1540,29,645,15,282,75,63,1290,17,199,0,0,0,0,25,2550,79,177,76,4278,1309,1,223,206,1008,0,0,300,240,200,0,2504,0,0,7945,4381,1323,1244,16,94,1,0,0,1577,1981,2508,593,11,117,48,896,599,0,7,571,249,1165,435,430,2513,128,162,192
9,an4_crus1_lat,202002_cfos,CNOnCrusIRT,879,1814,751,1509,137,582,1013,27721,67494,674,2130,3533,15448,11460,2324,1793,5213,8043,2212,1499,305,1719,34122,22514,2626,58177,7303,1111,1425,30,90,14388,462,939,204,0,1064,0,291,426,0,558,519,110,113,13,0,36,230,162,405,16,115,475,98,177,205,90,827,407,1,153,12,184,226,60,1037,3,57,0,0,0,1,114,2103,7,136,29,6460,1606,47,380,738,1059,0,0,319,211,133,0,1647,0,0,9636,1596,1833,1599,62,150,52,3,0,2347,2144,3011,447,22,221,18,822,857,0,0,552,52,1285,356,336,1529,178,90,109
0,an26_crus1_lat,202002_cfos,Vehicle_control_reversal,955,1785,1003,1027,79,1067,806,27929,56616,804,1077,3499,11803,18138,1721,1652,3952,13393,1764,1433,429,1410,41895,29200,2372,85001,7715,814,1002,43,38,15414,219,880,427,0,581,0,211,646,2,888,414,106,135,28,58,15,563,52,145,111,209,689,42,141,92,169,350,826,6,173,17,335,131,62,1590,65,168,0,0,0,3,242,3834,0,234,50,8515,1515,20,373,663,2179,0,0,827,220,242,0,1416,0,0,9597,2564,1558,1424,56,376,30,34,0,1889,2146,2348,854,52,76,16,544,515,0,0,507,210,629,266,167,1777,80,48,111
1,an27_crus1_lat,202002_cfos,Vehicle_control_reversal,280,2200,1516,490,101,835,552,18397,38938,1105,2057,2448,7815,10149,1740,1497,3416,6280,1403,1142,232,1183,34916,20451,2479,57348,9759,565,1419,27,46,7047,25,243,72,0,458,0,116,184,0,1963,260,53,31,5,4,0,187,136,59,23,681,279,25,64,31,281,209,323,13,563,0,265,125,86,1141,22,153,0,0,0,4,11,415,0,0,7,2596,561,51,221,457,501,0,0,392,163,387,0,741,0,0,5779,4929,1374,852,33,46,13,10,0,1670,2168,2253,683,24,109,10,939,1656,0,2,425,801,873,619,238,4292,183,142,256
2,an28_crus1_lat,202002_cfos,Vehicle_control_reversal,343,661,1005,38,65,134,170,16498,39581,510,1042,2779,10811,11843,1199,985,2398,12085,1175,1459,101,487,39484,32476,583,58752,829,248,3174,49,88,10196,1110,2375,816,0,1830,0,339,588,10,351,753,185,283,5,40,106,491,78,602,384,112,921,56,278,226,87,316,1661,0,8,0,424,1,0,838,53,365,0,0,0,0,0,679,16,16,0,4921,1513,0,1130,0,3769,0,0,986,421,375,0,3956,0,0,10091,2208,2589,2696,21,117,24,62,0,3061,6635,2341,199,1,25,4,170,2988,0,0,782,1917,952,194,5,5428,1,3,7
3,an29_crus1_lat,202002_cfos,Vehicle_control_reversal,581,2844,1704,1407,259,961,1323,20652,44754,307,781,2276,18812,12217,1493,1377,2846,12326,2096,1495,174,1007,37009,22817,2306,45519,7507,687,3006,112,123,10256,859,1151,242,0,577,0,655,916,0,2088,376,113,256,19,46,76,376,214,856,172,433,1254,146,554,464,242,426,878,7,231,20,344,51,16,1041,28,460,0,0,0,12,56,2214,13,100,48,4952,976,137,266,316,1777,0,0,405,291,198,0,1521,0,0,15534,3919,1640,762,26,98,10,10,0,1343,2823,3467,634,18,4,2,382,841,0,1,269,404,325,239,136,2126,27,32,132
4,an30_crus1_lat,202002_cfos,Vehicle_control_reversal,1066,2523,2384,1314,245,786,833,29228,68806,1261,1434,4417,12686,13412,1385,1253,2960,14008,1514,1996,739,1509,35844,23238,2797,77621,8226,974,2454,21,123,13261,448,1140,286,0,328,0,546,1005,0,1359,486,96,141,38,57,58,587,60,509,159,294,1374,129,182,111,207,90,1642,0,146,11,363,117,98,1502,22,492,0,0,0,7,176,1973,13,147,131,6363,1655,38,282,493,2272,0,0,500,189,140,0,1350,0,0,11054,2799,1322,333,2,117,13,23,0,1111,1759,2438,562,23,74,8,551,131,0,0,426,78,1369,402,322,1435,232,81,48
5,an31_crus1_lat,202002_cfos,Vehicle_control_reversal,692,1322,836,690,57,718,410,16772,36779,371,995,1583,8523,13789,2307,1766,3573,8797,1184,838,139,926,35273,23334,2333,73142,7201,605,1924,16,116,7970,234,530,276,0,447,0,476,899,0,1205,218,41,66,17,9,24,454,42,53,141,114,391,11,9,17,31,48,911,0,60,4,353,26,32,669,18,324,0,0,0,0,127,1733,13,53,4,3616,717,5,251,235,1597,0,0,463,115,254,0,1156,0,0,7419,3313,1494,562,9,164,2,13,0,1317,3652,2379,650,28,69,21,438,1154,0,0,222,845,318,269,114,2723,54,25,111
6,an32_crus1_lat,202002_cfos,Vehicle_control_reversal,1100,3870,2562,1808,160,943,2437,22592,55094,394,1751,3921,19701,8727,1072,1653,2415,12068,1584,1725,656,1725,27795,29811,2566,38748,5631,890,1441,7,141,12706,91,486,270,0,372,0,441,902,0,281,111,21,35,10,2,11,450,16,57,64,202,560,12,49,35,32,77,993,0,40,28,137,36,29,764,21,196,0,0,0,2,25,1893,19,46,51,7251,1258,64,490,566,2484,0,0,770,521,211,0,1815,0,0,13372,1496,1916,992,2,43,5,37,0,2703,1131,2974,899,25,3,0,72,1230,0,0,535,739,974,43,1,4918,23,48,81
7,an33_crus1_lat,202002_cfos,Vehicle_control_reversal,926,2365,1886,758,187,677,970,19701,56966,725,1738,4392,13321,12149,977,1383,2150,11184,1353,1762,364,1322,42666,26277,2354,64590,6219,626,1940,35,194,8035,183,695,282,0,433,0,490,706,5,1427,175,41,25,15,17,12,679,62,220,55,78,223,42,59,17,50,99,569,0,37,0,188,44,143,715,21,253,0,0,0,0,32,2046,2,72,108,3080,503,5,113,281,990,0,0,436,112,167,0,804,0,0,8241,2409,677,258,4,127,25,33,0,1422,1362,2679,418,20,134,10,562,220,0,1,193,592,315,646,385,1520,109,44,90
8,an34_crus1_lat,202002_cfos,Vehicle_control_reversal,623,2200,1507,932,160,961,1753,28198,54115,1436,2561,3306,13668,12490,3036,1530,4718,15370,1580,1301,221,983,31851,23706,2348,32678,5439,564,1390,18,29,15727,712,2091,1163,0,1897,0,581,881,2,1721,756,290,176,35,12,51,447,15,588,179,86,306,20,94,199,198,644,1620,3,137,1,492,97,31,1203,7,440,0,0,0,0,203,2790,9,59,52,8585,1539,34,440,534,3596,0,0,523,358,173,0,2210,0,0,14907,5075,2147,701,38,128,41,14,0,1740,3672,2306,816,27,83,11,766,1618,0,0,382,790,611,609,366,4587,253,36,105
0,an6_cno,202002_cfos,cno_injection,1428,3544,983,4732,401,1219,3305,16969,34216,771,724,6707,17385,8619,3634,2127,4220,12677,2792,4780,881,3865,24799,30983,3240,9291,3350,271,1107,44,12,14212,187,374,271,0,408,0,249,689,5,730,360,162,69,56,36,129,399,52,46,252,218,286,18,195,67,135,238,297,0,101,23,70,416,162,1495,6,120,0,0,0,1,416,2396,7,229,124,8721,2219,11,124,1885,1041,0,0,919,247,507,0,609,0,0,8582,1400,2174,323,13,96,27,13,0,917,892,893,1528,39,49,12,410,528,0,4,134,170,436,170,118,1896,73,19,84
1,an7_cno,202002_cfos,cno_injection,753,3450,899,1006,524,1677,1104,19990,26098,838,1990,7469,21778,10288,2451,1571,3589,15068,2904,8081,977,7166,20750,35374,5888,12557,1984,477,782,16,13,12353,248,224,80,0,394,0,273,962,5,855,227,79,142,93,35,211,310,62,66,488,273,326,51,247,28,282,203,192,0,246,78,396,733,205,3563,43,430,0,0,0,0,246,2069,0,57,204,10691,2914,19,100,1892,721,0,0,1177,320,317,0,544,0,0,10966,1638,3039,203,28,76,7,5,0,1234,944,1592,802,9,6,4,160,1665,0,0,159,630,295,169,3,1163,2,19,61
2,an8_cno,202002_cfos,cno_injection,740,6308,1602,6205,418,1943,2993,12952,31495,783,694,5769,31925,15124,6364,3374,6355,15615,3904,7270,1056,6899,29140,43991,6643,23659,4835,553,989,14,25,10598,45,100,74,0,160,0,101,658,1,264,61,22,33,58,29,179,241,54,17,552,421,259,107,322,3,140,61,392,0,102,7,192,664,149,2142,6,89,0,0,0,0,235,1903,3,411,125,5185,1562,13,69,880,508,0,0,984,280,232,0,556,0,0,6595,375,2563,204,10,139,21,2,0,1080,1365,1133,575,9,7,0,120,987,0,0,112,201,344,110,20,612,27,22,64
0,an0_mcherrydymaze,202002_cfos,dilutedvector_control_reversal,258,140,122,89,3,133,72,2912,3870,112,116,169,379,1548,347,134,602,1239,23,463,80,50,5310,5103,308,8285,1124,31,259,1,0,3808,15,76,37,0,31,0,15,42,0,55,21,13,22,0,0,7,37,0,0,5,22,8,0,8,0,3,58,60,0,8,0,24,15,37,159,0,7,0,0,0,0,54,297,0,4,2,719,265,1,74,335,175,0,0,11,20,39,0,338,0,0,393,398,415,104,4,2,6,3,0,185,501,140,65,0,3,0,47,137,0,0,28,46,74,18,6,615,7,2,10
1,an1_mcherrydymaze,202002_cfos,dilutedvector_control_reversal,398,98,154,252,7,19,22,3767,7006,161,169,254,613,2169,323,218,678,1290,189,99,245,85,5353,6721,191,5956,692,92,52,4,0,3955,43,169,16,0,42,0,10,15,1,81,25,7,34,0,14,13,24,241,65,19,26,193,94,134,3,10,26,103,0,3,0,16,49,49,354,0,19,0,0,0,0,166,577,0,20,11,1101,673,0,188,298,263,0,0,32,24,28,0,716,0,0,1028,318,718,101,1,11,0,0,0,312,810,436,200,13,0,0,42,420,0,0,81,112,103,45,28,769,11,6,28
2,an10_mcherrydymaze,202002_cfos,dilutedvector_control_reversal,168,56,81,71,4,31,112,1509,2733,26,112,49,371,743,165,64,650,414,8,25,9,18,6171,3659,72,4825,659,46,178,4,3,3450,141,90,63,0,158,0,36,29,0,142,102,33,74,0,0,3,32,10,65,1,7,12,6,12,11,24,37,103,0,25,0,2,32,53,256,1,24,0,0,0,0,20,346,2,13,0,888,513,1,50,163,319,0,0,15,0,4,0,649,0,0,383,947,89,349,6,2,0,0,0,55,762,56,48,0,0,0,0,183,0,0,3,184,26,16,15,277,0,0,0
3,an11_mcherrydymaze,202002_cfos,dilutedvector_control_reversal,114,86,122,97,11,107,39,2925,6568,70,532,326,549,1165,171,65,863,1731,69,46,135,143,5799,5220,250,11525,689,158,271,8,1,1958,23,71,20,0,74,0,52,53,0,163,167,7,9,0,2,7,29,5,40,4,10,31,3,10,16,9,87,72,0,7,0,13,15,33,227,0,15,0,0,0,0,1,355,0,8,2,590,264,3,41,169,188,0,0,25,22,22,0,349,0,0,946,1573,365,436,9,20,3,3,0,427,749,247,34,1,3,0,36,269,0,0,37,174,40,15,3,532,9,5,8
4,an12_mcherrydymaze,202002_cfos,dilutedvector_control_reversal,164,52,123,59,0,93,37,1535,2059,16,77,102,389,666,244,184,574,990,134,59,81,46,4492,6541,69,2927,262,18,61,9,0,2007,6,31,19,0,34,0,39,81,0,188,50,0,0,0,0,0,22,0,4,0,0,28,0,0,2,3,2,15,0,5,0,0,3,16,64,0,10,0,0,0,0,1,357,0,8,0,297,201,0,22,148,336,0,0,54,26,44,0,303,0,0,414,610,39,214,5,10,0,0,0,42,341,58,4,0,0,0,0,251,0,0,3,62,1,0,0,180,0,0,0
5,an13_mcherrydymaze,202002_cfos,dilutedvector_control_reversal,1486,1947,1289,1080,155,821,448,22230,33097,1377,1306,2894,7357,10778,1784,1597,3848,9438,731,1493,720,1648,35344,24428,2775,25244,5462,607,1987,33,32,21870,463,1614,180,0,232,0,431,612,0,1520,298,132,165,9,45,142,514,51,383,115,184,787,72,132,69,290,149,559,1,209,36,606,334,130,1954,21,282,0,0,0,0,275,3264,9,137,158,9352,2202,79,438,1093,2915,0,0,417,353,273,0,2193,0,0,7292,4075,1690,817,20,172,57,118,0,1939,3388,2559,1316,14,150,15,943,2401,0,2,479,2109,832,929,356,5284,237,89,220
6,an14_mcherrydymaze,202002_cfos,dilutedvector_control_reversal,582,209,186,83,17,84,78,2415,5283,449,658,210,538,1975,133,67,640,2421,29,62,83,266,7289,4091,135,2895,669,83,101,0,2,4382,81,223,45,0,71,0,15,20,0,1003,73,21,8,0,2,0,50,3,32,6,1,99,11,4,10,48,24,69,0,39,20,14,10,42,306,5,12,0,0,0,2,201,502,0,0,6,979,467,40,81,153,243,0,0,3,19,35,0,374,0,0,1602,1370,468,110,0,14,13,0,0,118,711,209,81,0,8,4,80,313,0,0,49,268,134,23,40,1018,11,8,22
7,an2_mcherrydymaze,202002_cfos,dilutedvector_control_reversal,98,77,169,33,12,57,91,1285,1843,48,48,49,174,959,86,51,368,1482,29,12,19,17,3825,4389,123,8057,681,72,233,17,6,2322,192,135,6,0,408,0,111,107,0,273,414,35,12,6,21,0,10,41,102,31,72,96,25,106,73,20,335,78,0,9,0,4,1,22,96,5,22,0,0,0,6,135,535,4,3,6,578,163,21,8,165,149,0,0,11,6,8,0,178,0,0,961,670,288,205,3,13,0,0,0,137,242,56,71,0,0,2,85,193,0,0,40,99,74,10,9,656,5,6,3
8,an3_mcherrydymaze,202002_cfos,dilutedvector_control_reversal,101,76,170,70,13,29,16,2246,2906,13,72,214,251,1241,347,135,413,757,30,29,12,21,5524,5243,148,7991,699,105,202,7,2,2550,40,84,51,0,66,0,50,41,0,201,140,26,55,2,0,5,237,11,13,27,32,18,6,51,0,48,84,108,0,31,7,32,1,44,84,0,5,0,0,0,0,146,453,0,5,10,663,156,19,51,267,345,0,0,8,47,39,0,387,0,0,1115,622,906,206,5,4,14,8,0,478,983,626,136,23,41,11,245,229,0,0,69,210,94,33,47,1105,56,3,52
9,an4_mcherrydymaze,202002_cfos,dilutedvector_control_reversal,257,159,223,42,8,76,38,9209,11136,261,386,542,1228,2244,741,111,1755,1927,254,265,104,430,5938,8568,197,4501,967,210,674,36,16,2576,27,57,96,0,155,0,100,101,0,191,40,3,4,0,10,4,12,1,47,8,14,152,7,6,1,13,35,37,0,6,1,30,31,11,363,4,82,0,0,0,0,56,526,0,10,2,1270,363,2,96,217,431,0,0,51,241,134,0,502,0,0,1828,876,646,199,13,5,2,5,0,397,1125,440,86,1,3,5,32,334,0,1,108,155,34,41,27,872,13,6,30
10,an6_mcherrydymaze,202002_cfos,dilutedvector_control_reversal,209,165,117,76,3,40,25,3009,5508,69,209,251,470,1766,254,145,753,1105,76,65,17,45,5612,5842,393,9854,912,59,292,16,12,2125,32,192,54,0,56,0,38,136,0,66,71,6,36,0,0,17,40,16,8,14,10,62,2,5,0,9,56,53,0,4,0,6,26,9,84,0,6,0,0,0,0,114,239,0,5,18,779,411,3,85,269,362,0,0,26,52,58,0,465,0,0,1054,409,517,46,0,19,1,0,0,222,502,502,47,5,0,0,39,151,0,0,19,171,131,82,2,690,15,7,60
11,an7_mcherrydymaze,202002_cfos,dilutedvector_control_reversal,204,286,182,122,11,162,33,2900,6461,73,145,279,706,1995,192,218,1541,2704,80,156,30,49,7160,6332,215,11637,860,169,310,6,1,3283,63,54,38,0,40,0,18,133,0,158,38,28,21,3,4,10,82,11,20,16,11,170,3,1,15,11,21,157,0,10,0,24,13,37,121,0,22,0,0,0,0,36,285,0,16,8,1177,220,19,96,220,224,0,0,29,43,56,0,188,0,0,1363,1028,828,95,4,2,2,6,0,197,267,157,88,0,17,2,51,297,0,0,40,320,106,16,20,781,24,0,1
12,an8_mcherrydymaze,202002_cfos,dilutedvector_control_reversal,531,193,383,135,48,61,148,3569,6041,138,386,335,691,1777,207,290,632,2006,98,139,135,370,8126,6124,224,6359,825,47,173,9,2,5721,1,62,22,0,32,0,81,34,0,290,8,16,8,1,7,5,17,0,3,14,14,186,4,7,1,0,13,50,0,2,0,12,21,48,170,0,19,0,0,0,0,83,391,0,4,7,969,569,0,111,78,240,0,0,33,11,43,0,349,0,0,963,849,617,311,0,11,5,3,0,204,390,97,31,2,0,0,45,316,0,0,47,157,115,10,17,777,0,10,39
13,an9_mcherrydymaze,202002_cfos,dilutedvector_control_reversal,502,144,241,600,10,66,59,2164,4111,148,334,197,302,1275,110,62,390,777,38,212,44,72,8303,4402,133,10668,800,145,245,38,11,3567,25,122,108,0,65,0,33,45,0,193,82,10,36,0,13,6,89,0,6,3,7,42,0,0,0,28,153,116,0,22,0,5,1,47,101,3,6,0,0,0,1,17,296,2,3,2,431,310,0,23,274,332,0,0,3,19,34,0,228,0,0,1378,737,69,250,27,9,4,9,0,56,327,108,81,0,0,1,77,173,0,0,44,107,46,0,18,413,17,2,6
0,an1_vecctrl_ymaze,202002_cfos,lobVI_noreversal,1907,2314,1464,1542,168,432,1234,15299,40757,438,1077,2331,6036,8375,1091,732,4808,15884,1096,784,269,627,49762,27407,2021,44332,5561,843,2076,45,19,15826,371,1087,322,0,813,0,351,745,1,3805,669,116,71,37,27,47,774,54,319,167,504,739,42,157,113,278,187,983,3,597,32,523,226,233,2263,23,504,0,0,0,0,296,3543,19,158,92,8914,2116,19,551,739,1922,0,0,151,90,271,0,2182,0,0,15359,6775,2355,333,9,111,25,9,0,1899,1879,4410,832,45,39,16,881,1083,0,2,754,1761,767,658,559,6256,173,122,483
1,an10_vecctrl_ymaze,202002_cfos,lobVI_noreversal,2512,2849,5252,1243,232,1135,577,24657,52294,746,2162,4991,12428,13119,1533,1851,5191,11785,1177,2353,399,1384,37979,32523,3105,69913,8893,1520,3672,81,141,21123,2493,2391,1381,0,614,0,680,1112,9,2180,964,643,387,67,4,55,1418,146,115,123,279,318,99,105,77,165,552,2471,1,66,39,369,125,167,2018,20,505,0,0,0,2,443,3936,10,162,29,12026,2803,32,393,1110,3822,0,0,432,224,323,0,2513,0,0,10044,4786,5232,991,20,310,18,35,0,4034,5318,9132,1168,261,91,28,2048,4429,0,3,674,2644,848,2118,147,7136,111,132,534
2,an2_vecctrl_ymaze,202002_cfos,lobVI_noreversal,625,1960,3373,1202,135,816,575,15638,39633,754,1202,2245,7084,13007,1495,1625,4619,13231,851,1019,99,652,49102,27187,1897,105279,9333,723,3578,142,105,15959,3567,4259,1233,0,1076,0,644,894,0,3018,1166,703,849,55,81,219,1533,58,892,159,181,1490,332,323,441,381,335,2982,3,323,18,525,85,70,1309,19,344,0,0,0,3,65,3142,8,67,18,7016,1357,344,557,1220,4492,0,0,98,143,211,0,1783,0,0,13130,10300,3431,1296,22,627,84,32,0,2226,5561,6895,629,334,95,11,1410,1968,0,2,517,1501,1164,1321,287,7009,193,127,382
3,an3_vecctrl_ymaze,202002_cfos,lobVI_noreversal,1022,2057,2210,855,150,867,578,24100,54655,783,1114,2975,10124,18610,2084,1727,5679,14622,1987,1004,243,703,50494,31019,2412,92987,8231,895,3027,54,99,17077,357,1363,732,0,951,0,728,931,1,2607,890,225,152,80,0,27,1554,1,50,30,9,259,0,7,44,286,249,2184,4,193,33,365,88,93,1433,17,200,0,0,0,1,258,2362,1,62,10,6686,1351,13,423,783,3438,0,0,186,58,259,0,1949,0,0,13360,7247,3879,1400,4,158,24,34,0,2239,4269,3388,802,26,37,12,417,1175,0,0,497,1467,798,246,295,6599,131,20,71
4,an4_vecctrl_ymaze,202002_cfos,lobVI_noreversal,1583,2216,1913,1327,131,1150,959,18411,45243,851,860,2640,8057,15408,2122,1508,4716,16802,1077,1297,361,858,55242,30465,2404,83980,9398,1072,5386,161,167,19080,1400,2604,768,0,2079,0,811,1231,6,2032,1155,269,495,63,136,125,951,131,480,281,429,1503,245,604,135,409,632,2346,0,398,40,435,201,182,1992,50,344,0,0,0,5,484,4106,11,157,99,9853,2215,139,705,1328,4580,0,0,440,274,226,0,2275,0,0,15061,5390,3372,1525,4,263,29,48,0,2389,3035,3822,982,36,117,29,946,753,0,1,492,561,1101,936,361,5691,297,49,226
5,an5_vecctrl_ymaze,202002_cfos,lobVI_noreversal,996,2044,2448,984,268,1053,568,16895,36518,1146,935,2154,4770,14297,987,1462,5544,13019,673,759,127,937,43838,25828,2588,79932,8237,1164,2919,72,86,18466,872,2689,524,0,658,0,436,1139,4,2486,608,118,281,38,96,65,584,154,370,300,339,1170,164,498,111,142,366,1931,2,68,71,432,131,252,2049,47,304,0,0,0,206,388,3124,15,155,54,7800,1688,1228,409,742,3238,0,0,284,26,217,0,1390,0,0,11616,5910,3194,955,21,261,16,79,0,2086,4250,4228,1037,38,85,5,499,2058,0,1,454,2412,736,212,220,6488,111,35,96
6,an6_vecctrl_ymaze,202002_cfos,lobVI_noreversal,1573,2471,4592,787,258,1493,412,28545,62581,903,1631,3676,8143,21212,3024,1909,5687,14079,1241,1140,506,839,50605,27698,3301,102030,12630,1094,3220,90,80,22377,2495,2163,1697,0,762,0,1356,849,0,2023,1069,641,653,76,27,62,1747,52,412,188,211,1026,205,133,109,466,445,2811,11,208,43,414,174,88,1936,23,291,0,0,0,8,485,3245,2,112,56,9524,2188,199,394,1327,3976,0,0,207,156,162,0,1673,0,0,8739,6284,2864,969,4,219,2,10,0,2959,4526,7951,902,322,120,63,2465,2777,0,2,602,2447,977,2324,424,5769,153,180,566
7,an7_vecctrl_ymaze,202002_cfos,lobVI_noreversal,1558,1481,2654,1371,147,844,1029,31602,62450,1625,1473,3107,7042,29986,3491,2922,7268,17668,1029,1041,255,1057,56901,36737,3631,141273,11956,1163,1665,47,80,22935,3778,2965,1764,0,1058,0,615,673,1,3616,979,836,550,38,22,75,2081,76,201,75,187,622,157,54,161,482,592,2362,0,641,31,550,234,128,3128,54,597,0,0,0,0,213,3291,37,145,85,10822,3093,49,503,1424,4028,0,0,189,93,213,0,2600,0,0,5475,10187,2732,995,76,184,14,48,0,2201,5056,4833,569,215,88,20,1757,1613,0,0,238,1429,384,1380,109,5045,114,95,337
8,an8_vecctrl_ymaze,202002_cfos,lobVI_noreversal,825,2042,2484,872,235,1136,331,25779,57618,1183,1595,4144,14379,21608,2496,2308,8979,18112,1699,1804,270,1584,47352,27675,2850,117665,10545,1013,3154,89,107,19361,1218,1454,390,0,574,0,726,1128,5,1932,846,230,665,48,39,133,1293,395,495,290,288,1212,282,517,274,238,846,2751,0,135,1,369,148,55,1623,15,253,0,0,0,2,210,2829,6,124,113,9521,1529,22,408,322,2765,0,0,417,51,160,0,1638,0,0,12993,4530,2567,1357,34,142,49,19,0,1314,4218,3033,668,40,80,9,930,1020,0,0,414,1943,562,785,455,3907,213,140,351
9,an9_vecctrl_ymaze,202002_cfos,lobVI_noreversal,1340,2516,4925,1223,210,1624,1353,37356,67244,1657,3255,3046,10380,24832,2896,2311,5310,17846,1554,1986,406,1278,51369,34878,3947,82348,9818,1503,5079,170,142,27959,3152,3559,1924,0,1084,0,736,851,0,3849,565,1329,862,44,50,90,2667,1,191,149,202,935,142,73,37,275,265,3316,0,121,21,741,147,306,2302,38,523,0,0,0,8,746,2955,32,88,157,12476,2998,23,732,1253,6643,0,0,448,275,243,0,2719,0,0,11124,10461,4057,1502,51,246,16,29,0,4046,3597,7816,924,225,56,37,1480,1854,0,6,849,649,1140,1632,289,6677,109,114,364
0,an1_saline,202002_cfos,saline_injection,263,5573,1058,7344,439,1435,2901,13333,28598,905,1634,9144,41910,13287,5643,3182,4755,14876,4189,7201,1591,7918,26492,48704,5614,21376,3434,366,838,8,70,7948,33,115,43,0,100,0,118,617,0,207,40,0,37,16,45,25,65,49,2,208,229,275,25,82,12,81,54,220,1,37,45,180,280,101,1310,14,117,0,0,0,2,128,2004,0,647,242,3798,936,34,45,946,358,0,0,797,89,261,0,551,0,0,6744,400,2593,398,11,53,19,34,0,820,318,2406,1002,17,41,6,220,573,0,0,354,54,137,156,72,815,11,28,60
1,an2_saline,202002_cfos,saline_injection,249,7112,2311,5534,256,1448,2872,15405,36401,2249,1888,9966,33222,11778,5824,3456,6013,13981,4667,8275,1453,9018,22711,43723,5904,17262,5067,545,522,5,28,9564,122,290,64,0,151,0,118,615,0,340,104,30,37,25,30,137,188,56,27,361,343,163,26,149,11,32,84,124,0,48,72,249,564,169,2030,32,103,0,0,0,6,233,1560,1,294,318,7146,1648,144,256,1787,539,0,0,677,226,333,0,348,0,0,13129,524,2865,148,13,9,10,60,0,1012,237,3823,347,33,28,4,273,901,0,0,404,224,363,225,70,1030,19,32,118
2,an3_saline,202002_cfos,saline_injection,468,8107,2244,10762,618,1369,5354,19434,36980,1119,1409,9860,38571,12669,6748,4219,7713,19722,3799,8458,1179,7923,31214,52160,6131,12144,3588,368,729,4,26,14117,100,102,16,0,80,0,222,862,0,282,46,4,6,12,54,127,142,26,69,315,268,336,39,142,8,47,46,114,0,45,49,87,213,147,1513,111,71,0,0,0,32,163,1529,5,506,179,7112,1413,151,167,1095,1006,0,0,601,264,342,0,331,0,0,15058,865,3198,191,5,70,6,0,0,1529,760,2531,377,60,40,36,485,684,0,1,592,51,376,352,125,1328,17,116,195
3,an4_saline,202002_cfos,saline_injection,876,7608,3730,8878,441,1396,4155,12982,28709,1619,2044,8318,25674,13082,5879,3171,3397,14726,2360,7339,756,5529,27103,43680,5639,23380,3428,458,1699,283,38,14447,41,267,74,0,84,0,210,874,0,267,59,156,171,22,30,140,533,50,48,606,582,461,50,96,25,80,60,483,0,101,119,239,628,117,2886,44,132,0,0,0,3,326,1062,8,358,202,10672,2490,217,284,1660,1377,0,0,1089,231,252,0,350,0,0,13287,650,2875,198,6,10,5,11,0,1517,167,3623,884,25,0,10,138,898,0,0,456,360,371,202,2,1889,6,62,143
0,dadult_pc_crus1_2,201810_adultacutePC_ymaze_cfos,crusI_bilateral_reversal,79,207,105,186,14,111,48,3006,4270,104,145,90,160,1835,354,256,717,511,27,33,52,115,1885,1234,286,6717,756,98,493,14,18,1662,33,159,21,0,31,0,10,55,1,75,42,27,35,6,1,20,27,1,68,25,16,47,1,16,16,14,26,175,0,12,2,59,30,18,261,1,35,0,0,0,0,41,106,3,2,5,468,197,5,30,96,177,0,0,3,3,7,0,15,0,0,331,119,2,10,1,1,0,0,0,2,50,0,0,0,0,0,0,9,0,0,0,0,0,0,0,8,0,0,0
1,dadult_pc_crus1_5,201810_adultacutePC_ymaze_cfos,crusI_bilateral_reversal,138,340,116,151,11,122,49,3033,4797,67,156,87,577,1243,327,258,510,731,72,80,24,124,2938,1659,277,3755,616,87,392,61,3,1828,70,139,47,0,101,0,15,58,0,412,109,72,72,47,24,86,174,58,34,112,361,71,13,64,17,120,106,135,2,59,4,44,35,20,260,3,27,0,0,0,0,68,371,4,5,9,538,228,4,28,108,176,0,0,13,39,30,0,67,0,0,1079,287,5,44,11,18,0,0,0,12,293,0,6,0,0,0,0,11,0,0,0,0,0,0,0,43,0,0,0
2,dadult_pc_crus1_6,201810_adultacutePC_ymaze_cfos,crusI_bilateral_reversal,111,322,210,58,72,65,23,7763,8328,304,185,98,203,3068,890,553,1067,1917,40,107,17,39,2816,2410,264,7690,340,63,695,18,20,2244,60,353,83,0,98,0,27,33,4,40,55,13,40,2,7,3,37,43,253,26,40,503,42,79,97,10,118,206,0,11,0,35,129,9,328,3,33,0,0,0,0,2,27,17,6,13,824,446,1,60,73,470,0,0,13,35,53,0,375,0,0,330,97,0,195,0,8,0,0,0,4,144,0,0,0,0,0,0,0,0,0,0,0,0,0,0,0,0,0,0
3,dadult_pc_crus1_7,201810_adultacutePC_ymaze_cfos,crusI_bilateral_reversal,145,550,428,319,39,110,87,3760,6190,257,183,256,609,2094,717,653,979,702,121,156,8,138,2807,2117,356,9726,986,135,590,8,41,2144,80,130,38,0,153,0,46,90,0,128,115,7,14,8,11,30,40,34,20,35,187,102,12,36,13,31,28,71,0,19,1,71,77,49,313,8,148,0,0,0,0,109,163,4,16,67,1020,330,10,45,175,356,0,0,3,6,24,0,121,0,0,1112,295,0,95,13,2,0,0,0,0,228,0,0,0,0,0,0,0,0,0,0,0,0,0,0,0,0,0,0
4,dadult_pc_crus1_8,201810_adultacutePC_ymaze_cfos,crusI_bilateral_reversal,121,463,318,254,28,113,65,2601,4285,182,121,76,159,1946,529,645,758,916,27,74,19,105,3144,2226,367,6203,805,160,677,2,23,2067,77,153,24,0,88,0,22,100,0,477,164,13,13,5,20,23,98,23,23,63,146,120,9,36,18,85,58,98,4,79,3,89,47,50,321,4,72,0,0,0,2,118,437,6,6,54,791,228,17,26,112,294,0,0,16,14,19,0,81,0,0,599,241,0,138,7,21,0,0,0,0,221,0,0,0,0,0,0,0,0,0,0,0,0,0,0,0,0,0,0
5,dadult_pc_crus1_9,201810_adultacutePC_ymaze_cfos,crusI_bilateral_reversal,148,330,194,194,13,70,95,2612,4592,166,104,101,208,1690,650,498,617,495,30,38,10,68,2539,1048,277,3811,491,80,197,4,2,2073,32,87,31,0,70,0,13,21,0,509,83,25,11,10,4,21,179,30,6,29,252,28,4,18,4,111,39,67,1,61,31,22,51,35,310,3,89,0,0,0,1,100,263,4,3,74,724,258,12,46,187,141,0,0,3,8,16,0,32,0,0,419,238,0,3,0,12,0,0,0,1,131,10,0,0,0,0,0,0,0,0,0,0,0,0,0,0,0,0,0
0,dadult_pc_lob6_13,201810_adultacutePC_ymaze_cfos,lobVI_reversal,214,923,274,406,28,106,123,5892,20951,891,1045,995,2362,1293,260,203,555,1215,366,359,88,348,4998,3726,684,3494,536,69,240,3,4,1222,32,70,11,0,53,0,50,85,0,259,23,9,11,1,0,3,44,6,3,6,13,17,2,12,8,24,14,54,0,7,7,45,17,28,148,1,19,0,0,0,0,26,366,1,3,50,455,152,3,33,91,189,0,0,50,37,36,0,46,0,0,1712,562,9,116,3,16,0,9,0,20,189,0,0,0,0,0,0,0,0,0,0,0,0,0,0,43,0,0,0
1,dadult_pc_lob6_15,201810_adultacutePC_ymaze_cfos,lobVI_reversal,152,513,218,500,16,117,95,2236,7720,313,647,565,2313,776,159,180,325,1199,333,252,71,328,2561,3317,477,4592,447,98,173,4,4,1136,27,40,6,0,19,0,33,31,0,52,14,2,6,0,0,1,17,1,16,4,13,15,0,5,9,4,5,20,0,1,8,12,13,12,77,0,12,0,0,0,1,46,344,1,2,24,439,82,1,38,70,101,0,0,14,11,27,0,51,0,0,762,138,0,79,22,20,0,0,0,12,205,0,0,0,0,0,0,15,0,0,0,0,0,0,0,4,0,0,0
2,dadult_pc_lob6_17,201810_adultacutePC_ymaze_cfos,lobVI_reversal,132,267,138,235,10,108,97,2499,8308,220,383,762,1477,738,155,121,453,873,245,250,62,244,3788,3270,537,3042,413,165,106,0,1,1014,18,51,13,0,52,0,34,58,0,72,30,1,5,2,2,2,17,5,38,3,15,41,1,12,7,4,8,13,2,6,2,17,8,11,93,0,6,0,0,0,0,28,153,0,0,2,437,99,5,33,57,150,0,0,21,33,8,0,51,0,0,713,236,0,127,8,9,0,0,0,0,146,0,0,0,0,0,0,0,0,0,0,0,0,0,0,0,0,0,0
3,dadult_pc_lob6_18,201810_adultacutePC_ymaze_cfos,lobVI_reversal,28,287,176,266,16,157,78,2283,5617,175,252,406,1662,905,109,93,282,1337,259,217,41,179,3842,3195,413,7326,530,96,184,8,2,1192,35,35,21,0,42,0,22,42,0,109,57,7,9,4,0,2,53,5,29,6,7,36,6,11,12,18,23,54,0,14,5,11,9,19,61,1,5,0,0,0,1,26,232,0,0,9,224,58,42,11,62,84,0,0,43,0,9,0,88,0,0,381,324,0,56,2,8,0,0,0,0,106,0,0,0,0,0,0,1,0,0,0,0,0,0,0,0,0,0,0
4,dadult_pc_lob6_19,201810_adultacutePC_ymaze_cfos,lobVI_reversal,195,392,207,449,15,168,103,3261,9436,282,341,885,1973,1076,157,150,454,1864,315,302,57,280,4634,3744,660,3351,563,141,126,1,5,1662,7,49,34,0,89,0,41,73,1,243,32,7,0,0,0,5,51,8,4,4,33,8,0,8,1,22,15,45,0,16,18,24,9,19,106,0,9,0,0,0,4,36,259,1,7,23,524,179,7,30,92,133,0,0,33,7,18,0,68,0,0,486,352,0,132,0,5,0,0,0,16,162,0,13,0,0,0,0,1,0,0,0,0,0,0,0,0,0,0,0
5,dadult_pc_lob6_20,201810_adultacutePC_ymaze_cfos,lobVI_reversal,12,24,9,31,2,30,13,574,973,30,57,52,90,241,43,27,47,173,5,18,15,56,571,781,56,916,62,13,68,0,2,229,2,2,3,0,3,0,1,1,0,43,8,1,1,0,2,0,18,1,4,3,1,7,3,2,2,1,2,8,0,4,0,4,1,12,4,2,0,0,0,0,0,22,34,0,0,1,26,8,0,3,13,11,0,0,1,1,7,0,17,0,0,150,58,0,41,9,4,0,0,0,0,47,0,0,0,0,0,0,0,0,0,0,0,0,0,0,0,0,0,0
6,dadult_pc_lob6_21,201810_adultacutePC_ymaze_cfos,lobVI_reversal,26,56,53,57,2,35,16,925,1386,54,59,59,232,689,159,107,238,485,27,42,16,22,1455,1046,115,2934,162,30,176,9,6,500,11,9,10,0,25,0,12,7,0,64,21,4,3,3,2,0,36,5,10,8,9,28,3,4,5,6,8,22,0,10,0,11,0,12,27,0,0,0,0,0,0,30,73,0,0,1,60,25,1,14,38,49,0,0,0,3,10,0,7,0,0,260,129,0,28,5,2,0,0,0,2,85,0,0,0,0,0,0,0,0,0,0,0,0,0,0,11,0,0,0
0,dadult_pc_crus1_1,201810_adultacutePC_ymaze_cfos,vector_control_reversal,131,311,264,300,18,167,109,4095,8335,144,140,200,565,2428,377,336,697,1296,123,63,15,79,3175,2139,317,10699,1034,166,498,13,13,2265,101,282,62,0,163,0,50,102,1,175,125,29,52,5,7,16,55,22,58,29,79,100,27,47,34,35,48,257,0,16,8,59,11,8,154,7,67,0,0,0,1,64,297,1,1,15,710,163,16,35,113,257,0,0,5,15,22,0,61,0,0,1009,326,131,21,1,10,5,10,0,173,148,38,0,0,2,0,3,0,0,0,0,0,0,15,0,142,0,0,0
1,dadult_pc_crus1_3,201810_adultacutePC_ymaze_cfos,vector_control_reversal,123,512,298,494,19,113,243,2361,4251,139,148,126,523,2257,550,427,556,1552,25,40,14,54,3923,1802,284,8254,796,120,781,8,25,2541,60,159,33,0,72,0,27,67,0,517,354,11,28,5,6,25,96,46,52,53,87,113,21,44,54,166,92,185,7,116,7,78,47,22,342,5,79,0,0,0,0,91,368,0,14,22,758,192,12,24,75,274,0,0,2,10,16,0,58,0,0,392,311,18,26,0,4,0,7,0,66,134,3,0,0,0,0,0,11,0,0,0,0,0,0,0,110,0,0,0
2,dadult_pc_crus1_4,201810_adultacutePC_ymaze_cfos,vector_control_reversal,99,279,142,143,4,91,40,2602,5813,69,156,155,774,1383,359,332,788,621,131,48,26,47,2224,1723,335,5443,634,127,566,8,22,1213,62,105,100,0,89,0,26,81,1,232,81,36,25,7,10,18,125,20,29,28,46,61,9,16,15,27,35,187,1,27,4,51,31,15,202,0,10,0,0,0,0,32,231,3,1,27,392,126,2,51,70,237,0,0,5,14,13,0,21,0,0,909,328,13,39,0,10,0,0,0,35,192,0,0,0,0,0,0,0,0,0,0,0,0,0,0,3,0,0,0
3,dadult_pc_lob6_14,201810_adultacutePC_ymaze_cfos,vector_control_reversal,69,711,281,363,28,175,104,3002,14003,701,717,478,1532,853,136,135,348,708,214,282,83,340,2884,3825,470,4747,334,83,318,6,2,1065,13,22,9,0,20,0,12,38,0,49,14,2,7,0,4,1,16,6,9,6,10,23,1,8,2,2,12,37,0,1,6,46,23,33,117,0,6,0,0,0,0,73,255,1,1,21,385,70,5,16,79,61,0,0,41,16,25,0,44,0,0,913,111,0,100,7,12,0,0,0,0,188,0,0,0,0,0,0,0,0,0,0,0,0,0,0,0,0,0,0
4,dadult_pc_lob6_16,201810_adultacutePC_ymaze_cfos,vector_control_reversal,88,198,106,5,12,68,24,3761,6853,234,327,841,1599,857,167,63,381,1481,226,430,49,166,2867,3844,452,2157,158,23,77,3,2,1015,27,38,50,0,74,0,19,48,1,37,51,4,22,1,5,1,24,4,5,5,2,53,3,17,15,3,33,95,0,2,0,18,12,0,183,2,22,0,0,0,0,0,205,2,10,10,517,182,0,113,11,254,0,0,27,23,37,0,164,0,0,806,77,11,102,11,14,0,0,0,4,75,29,0,0,0,0,0,0,0,0,26,0,0,0,0,37,0,0,0
