,brain,batch,condition,Olfactory areas (T),Isocortex (T),Cortical subplate (T),Hippocampal formation (T),Cerebral nuclei (T),Thalamus (D),Hypothalamus (D),"Midbrain, motor related (Mes)","Midbrain, sensory related (Mes)","Midbrain, behavioral state related (Mes)",Medulla (Met),Pons (Met)
0,an1,201904_ymaze_cfos,CNO_control_no_reversal,0.6703068466854689,0.7683554029229066,-0.5699743812363484,0.8509383677357344,-1.4740488459754373,-1.0302537958666802,-1.4022848274573139,-0.12614224549375314,0.3958675564055284,-0.3713974489459131,1.124951750626572,0.4083377269314568
1,an2,201904_ymaze_cfos,CNO_control_no_reversal,1.7885736547893822,-1.0940340133251343,2.450398035758528,0.9562824844687152,-0.5180599462876808,-1.2148981070714673,1.1430838156851553,-0.7198538731043337,0.6527387475025992,0.3140567768204826,1.6992617288196072,1.3470248716147482
2,an3,201904_ymaze_cfos,CNO_control_no_reversal,1.939474548589304,1.980944051184564,-0.2026065052803129,-0.45007105046475493,-1.9649196880325002,-1.6401319040219906,-1.2990840775920254,-1.5733845459017097,-0.780261494211472,-1.3140098993004319,0.6453277194315582,-0.2078600084927922
3,an4,201904_ymaze_cfos,CNO_control_no_reversal,-0.13299416377008796,0.26742854562066315,4.023499155756086,0.10034234110744468,-0.8378209396145305,-1.0040734622587877,0.48464414519391147,-0.45601371346108077,0.37030763191490057,0.8766135760843256,0.8100619077132126,1.1578761129713138
4,an5,201904_ymaze_cfos,CNO_control_no_reversal,0.8805041152959451,0.7392369706535529,-0.7917435709056755,-2.461296471321737,0.5743907074652693,-0.6523042458605464,0.7682352322099257,-0.46771127514309874,-0.8356039858100563,0.0,-1.4693634177572952,-1.1272170313324184
5,an6,201904_ymaze_cfos,CNO_control_no_reversal,-0.1521104391834322,0.17679618819756926,-0.7284034138253843,1.8414387608061886,-0.9221116121341483,-0.805251084692125,0.8299762458708019,-0.3928472989229662,0.17806758652418336,0.8645057784920226,-0.08781154939723292,0.8876205034249552
6,an7,201904_ymaze_cfos,CNO_control_no_reversal,-0.7989362011424296,0.24194866415766425,0.13976426426857974,1.7762920383283787,-0.8781233254236375,-0.3608991133765873,0.5433167089360024,0.19009414523469811,-0.5228802097958677,0.8067169629048164,0.46450532368725644,0.0
7,an8,201904_ymaze_cfos,CNO_control_no_reversal,1.845926147522616,-0.5419859674988892,0.6140247236473823,-0.36041350603593636,-0.08573872418466819,-1.3991292435216307,1.9051475495092187,-0.9103344884950196,-2.050281149009616,0.08529509571463399,1.1913173280975233,1.8054105488229897
0,an10,201904_ymaze_cfos,CNO_control_reversal,2.852779299881545,-1.4273189466286984,-0.22189336242845126,1.0406761394031474,-1.013426975657218,0.0,0.5652229083538004,0.0,0.28678250588977666,-0.6142818451668306,1.9855931647874185,-0.07280105063055625
1,an11,201904_ymaze_cfos,CNO_control_reversal,0.6385687882052655,-0.4862663183646081,-2.3854944339226036,1.4797917908166092,-2.27040626180018,-0.3254112842277217,0.3742050997494999,1.0950570875549726,3.7679521899028203,-0.08111245467942695,1.747670407074348,1.7354530346882235
2,an12,201904_ymaze_cfos,CNO_control_reversal,1.558182536142884,0.2169102309132929,-0.05503940500078691,0.6448308043797625,-0.8365255114619818,-0.5253895322989133,-0.4399191737416398,-0.49527166687269825,0.36763703553162835,-0.9601917515356099,-0.18266543228381774,-1.0892678725717668
3,an13,201904_ymaze_cfos,CNO_control_reversal,0.2103757562948109,-0.8554785945047212,-0.06687127689425408,-1.0819426758023116,0.0,1.0572428301987273,0.0,0.689719696784202,0.0,0.4053930256252783,1.4950137070906486,0.3711530967070738
4,an14,201904_ymaze_cfos,CNO_control_reversal,0.0,-0.5082946736740139,1.0930307345306298,0.0,0.8420716237954448,1.0281838608498808,-0.9387382710014304,0.5286235962961803,-1.448955752949662,-0.6472643796840424,-1.791896373928935,-1.3611667876600388
5,an15,201904_ymaze_cfos,CNO_control_reversal,-1.180924514391002,-2.5667182208162367,0.0,-2.0548792127109716,2.480573042148205,1.541124890482873,1.200682418954926,3.0926013149288227,-1.086862679171025,3.6481195773138237,-0.5554010710244073,0.8066778205061658
6,an16,201904_ymaze_cfos,CNO_control_reversal,-1.186270596189021,-3.763401067036796,0.3193682433280743,0.35633917293668715,1.6917355736232824,2.2635219203150108,-0.16958602585749688,3.869528642768578,-0.8262139870089693,3.4625263070507537,1.5050435604479413,2.358433912219215
7,an17,201904_ymaze_cfos,CNO_control_reversal,-1.0212576390707386,-1.9591042792512012,0.3724616675891881,-0.01064260616273121,1.107740784775625,2.1864486310981386,0.3154025615037695,2.1182316992289087,-1.1057388312145606,0.790307510675527,0.0,-0.20152404455588674
8,an18,201904_ymaze_cfos,CNO_control_reversal,-1.412012454215061,-1.884339956685902,-1.154535043659188,-1.93852453564743,1.722836891661733,3.0010651494462355,1.0574001500371306,2.583692745965678,-2.5271282914797406,2.4438924289959973,-1.2727625005235184,0.20790079095922184
9,an9,201904_ymaze_cfos,CNO_control_reversal,1.1948013481151767,-1.2466206509453748,2.737209140336173,0.19885307411602196,-1.2759709524869007,-0.6091148196451068,-0.05225467599143604,0.27747333274384856,3.466107965054052,0.20131017443960408,1.9180110811025488,3.433089776430186
0,an29,201904_ymaze_cfos,homecage_control,-0.47846229578148414,0.24073780323923363,1.0717621362236827,-0.9652364989888059,0.3030026907907538,0.4938182980661721,-2.0604692458228104,0.1830880274209818,0.6017890967159624,-0.4603432615406841,-0.31612635015150176,-0.3796379514921616
1,an30,201904_ymaze_cfos,homecage_control,-0.32577341061681925,0.6120291129336167,-0.4435079236090321,-1.822519680806789,0.5333070960822908,0.03688708864638425,-0.9705927981424654,-0.23584601142887285,-0.17784167438642048,-0.7652538293357373,-0.06531605350039862,-0.40249455425416636
2,an31,201904_ymaze_cfos,homecage_control,0.5923880011154994,0.0,1.496698213711676,-0.6504517654185478,0.571989487492706,0.2500942640598972,-1.0280390592212258,-0.336353722132348,-0.6897539817084876,-1.5038111476855835,-0.7917186982910664,-1.3811539743476948
3,an32,201904_ymaze_cfos,homecage_control,-1.5199649477038049,0.016618957503852266,0.5249390561092144,0.08753657795137626,0.5394769989516961,0.9641245377948248,-1.9297325958816802,0.8943783990833684,0.7847444399962382,-0.43953301851755766,-0.8139840840971533,-1.1764822900129042
4,an33,201904_ymaze_cfos,homecage_control,-0.30171222198491887,0.966016594056817,-0.8528054029150779,-1.3895269521201574,0.5032538853305732,0.02982965445790328,-3.0604767220396325,-0.1147094470485636,0.026344840839536456,-1.3438676542643806,-0.7855824557225272,-0.6538945999976122
0,an19,201904_ymaze_cfos,lobVI_reversal,1.2275343573435715,-2.1198790163869594,1.5260897143757959,4.186268671393066,-0.37349350489924654,-1.2828496241888447,1.9435197041224135,-0.5138347807143082,1.106101630824419,0.45831747278750057,0.5410005015062644,2.3288752581373857
1,an21,201904_ymaze_cfos,lobVI_reversal,2.067002490892703,0.019300661280551513,-1.3144137159583436,-0.22333959619805058,-1.2324865421662268,-1.2762612568306109,1.5314053598503041,-0.3206417295306593,0.3775454768290326,-0.3111283332355571,1.3765365645614989,0.3578319715735427
2,an22,201904_ymaze_cfos,lobVI_reversal,0.895093558409537,0.5491331240916679,0.045579108213633285,-0.9697866335168782,-0.7462618999782253,-1.7000868502341697,0.384405647699024,-0.5242815967172085,2.1263653514114864,-0.4400588936056198,0.27872396139528294,1.387539301028259
3,an23,201904_ymaze_cfos,lobVI_reversal,-0.5544272473759507,-1.9009473019322745,-0.9723429785141193,-1.1835286064786212,0.3635897513289584,-0.859435451893952,3.6960686111436556,2.4695251129718927,-0.7601054750706537,5.039086381958725,1.0035113745320114,4.859951707455907
4,an24,201904_ymaze_cfos,lobVI_reversal,-1.4899476149374782,-1.297478137005906,-1.4464346636696956,-0.46936979543780005,2.8758672657340303,-1.1440427496782106,0.15381263935981507,1.7351465823003698,-1.1782956312744532,3.5790011323828956,-0.8670366956322518,0.8703565343788647
5,an25,201904_ymaze_cfos,lobVI_reversal,-0.4635242751366788,-1.7325713515294874,1.3304921495521624,-1.065614412523575,2.8858464636680594,-1.1374983552787397,3.191290101640071,0.6277203968802413,-2.0465787138125484,3.8727957448876844,-0.9549598573254984,0.5038838686979706
6,an26,201904_ymaze_cfos,lobVI_reversal,-1.8472671522703963,-0.5899864400190389,-3.74861560745867,-1.2831902531055746,0.6126209033957146,0.18943180344000024,1.4089456365307045,2.6837418652081024,-0.3342974155145367,5.830510743775725,-0.14824189411522773,1.155478007935386
7,an27,201904_ymaze_cfos,lobVI_reversal,1.4148824846702488,-0.4062321758783044,0.6810834390987649,-0.9487195453294924,0.322584860245151,-1.80036844050902,2.8295273874663254,-0.7565273324449253,-0.6978519802601975,0.489018388623801,-0.016248227300110135,1.4483581289883811
8,an28,201904_ymaze_cfos,lobVI_reversal,0.9770366530250608,1.570023807644107,-0.9160890450983374,-1.6680381799860975,-1.354880661882339,-1.7033649356482836,0.46405262495706584,-0.8764396649046634,0.4397089324610494,-0.21478952746110994,0.9202039760100231,0.5780046848403156
0,an19,201908_tpham_ymaze_cfos,CNO_control_reversal,-0.4399650717954354,-1.8032503729178027,-0.9530492463274229,0.14806903579768488,1.4311558686477055,2.7592611502664166,-1.781879096881744,-1.7189323102633056,-0.37636185459751165,-2.084914803657101,-0.8697967744884927,-2.5691624258961046
1,an20,201908_tpham_ymaze_cfos,CNO_control_reversal,1.45135249985644,-2.018113647536764,2.037575233463983,1.6369466139025601,-0.3736550801866449,1.9161757762194849,-0.002277500952293937,-1.2117331147452863,3.549311522458676,-1.9871761120844031,-0.9719225082690522,-0.6946052050456181
2,an21,201908_tpham_ymaze_cfos,CNO_control_reversal,0.0,-0.6790778948540713,1.9079256932500672,0.0,1.773983690406178,1.0352819871913603,-1.556737431593449,-2.1575564363152724,-0.9707934471608302,-1.4288513163250711,-1.0302597428691158,-1.6860771942327808
3,an22,201908_tpham_ymaze_cfos,CNO_control_reversal,-0.5301229825583227,0.0,0.0,-0.7020417379099948,0.0,-0.04339636290003131,1.3514449666422568,0.0,0.0,0.16641124193259885,0.7639440514254019,0.0
4,an23,201908_tpham_ymaze_cfos,CNO_control_reversal,1.3642703881060865,0.3337207567704631,0.6309843987769214,0.07615547217409446,-1.1227244101164846,-0.11988696791862975,0.8711562918944545,0.0766098568588166,-0.17441066923637835,0.0,1.668112025858487,0.17873150132102736
5,an24,201908_tpham_ymaze_cfos,CNO_control_reversal,-2.0764405077875434,0.36412533347557924,-0.2839354246515743,-1.992505457876274,0.028874694804926514,0.0,0.0,0.48484286826531636,0.5005830358307947,0.306253271265321,0.0,0.8185398572922536
6,an25,201908_tpham_ymaze_cfos,CNO_control_reversal,1.024480690431499,1.4682313560091065,-0.827701561699707,-2.0345744628079774,-2.2031098193027634,-0.38909145094499,1.3967282193926727,0.8209181264440473,0.9339309634644885,0.35941251071331304,1.5389596534961154,0.569602207820714
0,an10,201908_tpham_ymaze_cfos,CNOnCrusILT,-4.056872394186015,-2.3189502973326075,0.9869821705186674,2.202707692928187,-2.5710940313582933,3.3508842901316056,0.6347762601526202,-0.4203912628689551,0.1596314484341282,-0.3045269908093891,2.6175808146161637,3.175454887417544
1,an11,201908_tpham_ymaze_cfos,CNOnCrusILT,0.1880176966724276,-2.1829852818706303,1.9907283384924244,2.6867844244077532,1.0565441271008265,1.5477683938879545,-1.6057155049952037,-0.4078873881896183,-0.04588232432406878,-0.6542319550228389,-1.5469966616729391,-0.6165674583115699
2,an12,201908_tpham_ymaze_cfos,CNOnCrusILT,1.2328914809128273,-3.5029363093328483,1.216281407940925,1.5338603534707285,0.37180732765488006,2.9141075943956603,-0.12252795818451855,-0.6531398163327338,-0.9681316866134969,-0.48918571556937274,0.08301708662639774,0.10832418037368652
3,an13,201908_tpham_ymaze_cfos,CNOnCrusILT,2.567558703328204,-2.217336119239128,1.723624716452649,4.293359722985016,1.3387843046906798,1.530671142565397,-0.2668907477371934,-1.1213706420025047,-1.2874378178568426,-1.224839063589706,-2.7868273759449815,-1.391847417827518
4,an14,201908_tpham_ymaze_cfos,CNOnCrusILT,-1.4005010294856508,0.598582625589186,0.17712733409249196,1.9293426081268537,1.0485038852193065,1.7636279441010927,-2.6477185753725103,-1.5906010692630603,-2.2130929692638848,-1.6592958107808802,-3.53806499818484,-4.047251834819245
5,an16,201908_tpham_ymaze_cfos,CNOnCrusILT,-2.1664831209276616,3.8654150207148628,1.2890686592652927,-3.891054797524521,-1.2066445508758266,-0.39271403327046883,-1.491048854970799,-0.6644108934036452,-0.45897010103113334,-0.7073131634748298,-1.7879903526711483,-2.1064647190088603
6,an17,201908_tpham_ymaze_cfos,CNOnCrusILT,0.2755747997959969,0.2896171274301773,1.3672061879257897,-0.6616190747551067,-0.056447113934099034,-0.2013977270224249,1.2065868083507514,-0.12532694682791418,-0.46700951335369,-0.5625892026894115,0.10661490548710335,-0.4983653642416827
7,an18,201908_tpham_ymaze_cfos,CNOnCrusILT,1.931308558728187,0.9899783943068883,1.2232490255085036,-0.24607705886678613,-0.27851664995097786,-0.5034763289115316,0.31228316428061464,-0.519916903181075,-1.0714605211695645,-0.592183225062358,0.22726545805642925,-0.8446042844001999
0,an01,201908_tpham_ymaze_cfos,CNOnCrusIRT,3.675870224230411,-2.981208905452729,0.44274627607476413,4.722462032721602,1.2004806726809847,2.698158945842813,1.6260440655734831,-2.0680582756708383,-1.8855012902673507,-1.5398317255436604,-2.9624738704596627,-2.224515689873671
1,an02,201908_tpham_ymaze_cfos,CNOnCrusIRT,-5.612095778620686,2.087743113647839,-1.4176476007774703,-0.6838390580327194,0.2769476767622609,1.164191268594943,-1.83621766282965,-1.31727067985638,-2.2934706775791973,0.6476372625043754,-1.6987176804986661,-2.1528282985060123
2,an03,201908_tpham_ymaze_cfos,CNOnCrusIRT,3.7805279864993713,-1.9379091210851802,3.0402034068773274,-1.1997907266345775,1.9653038527970788,2.0112002140655116,-1.0776015128110406,-2.736004770604141,-2.6751199697270374,-1.8921237334235512,-1.9747425463077934,-1.3181308202648592
3,an04,201908_tpham_ymaze_cfos,CNOnCrusIRT,-0.0736215078922182,0.05503476554880453,1.585784390167724,-1.05399416655485,1.5658060524379949,2.571261933680391,-3.144447052072898,-3.140952431588332,-3.5581534351113056,-2.6528529716319844,-2.741522853317952,-3.5724155515355895
4,an05,201908_tpham_ymaze_cfos,CNOnCrusIRT,4.043571917616533,-1.0909959197009949,1.9706612151451621,2.810788199247121,0.7485715380393427,0.9671270131032329,-1.3954319223406983,-1.5691027564606297,-1.3510580567776642,-0.7997243377341028,-1.3838136054038181,-1.4105711987268992
5,an06,201908_tpham_ymaze_cfos,CNOnCrusIRT,-3.997288228241734,0.2959697970637991,0.751123077856042,-1.485868322255127,0.5333809755627517,-0.2947007536386921,2.765994544894831,1.6341652107967604,-0.16041317719243278,0.5848472718250414,-2.0227525102826087,-1.4464147827608718
6,an07,201908_tpham_ymaze_cfos,CNOnCrusIRT,-3.8783029027657725,1.5945959583615212,-0.5901631226557538,-1.1587728876550387,-0.6283986845310912,-0.305543958239668,-0.5981001262639507,0.590039346332491,0.2834838919084803,1.263118243637648,0.5368789230894347,-0.11594929122205282
7,an08,201908_tpham_ymaze_cfos,CNOnCrusIRT,-1.6961114927074696,-0.6661896120741723,0.9813873167111011,-0.04363965515050456,-1.6141822434747226,-0.040277540845671825,2.9586542460916734,1.9234659723064356,0.9840170608633277,1.0148928333011304,0.9779589479162899,2.439830828140706
8,an09,201908_tpham_ymaze_cfos,CNOnCrusIRT,1.4959688297225648,-0.6657805992810819,1.0171918938073616,0.5913676110824869,-2.3472959814587147,-0.2501822314554854,3.868662197092301,1.8745495666560408,0.8905918269990452,1.5699645607961032,1.101471124516435,2.566674063629138
0,an21_crus1_lat,202002_cfos,CNO_control_reversal,-1.5358120703473233,0.68750736531945,1.2962048798419425,-0.020775163973699797,-0.2946901104025878,0.239258058419956,-1.4262005698927962,1.5890700127054505,0.9935628916472232,0.48862157203922413,-0.21578544989684487,-0.29229107339911525
1,an22_crus1_lat,202002_cfos,CNO_control_reversal,-0.9222608088651993,2.3262599962755948,0.8903828875688604,-1.0101255196317935,-0.253768776674254,1.2464679891396842,-0.8778277778435019,-0.8768733119279075,-0.5370388467610533,0.7557108445999506,-0.8430801191167389,-1.3247005274661117
2,an23_crus1_lat,202002_cfos,CNO_control_reversal,-2.13404216936669,1.890978272035161,1.4182639522537446,0.13654583174575857,0.6701554738289223,0.0,-3.0961665311114124,-0.20923705822142996,1.766149167244761,-0.6315872108622931,-0.7918995391713005,-1.9879443050393057
3,an24_crus1_lat,202002_cfos,CNO_control_reversal,-1.7800879799571125,0.12286079954455087,1.9411200407293319,-0.4978079643978797,0.0,1.2024117741993405,-1.3480930251707324,0.8453639813429799,1.9045006173004313,-1.385842375611547,0.3357371812707033,0.32533317002938295
4,an25_crus1_lat,202002_cfos,CNO_control_reversal,0.05922536783747031,1.3897590785291354,2.1786441660449065,-1.1659915013783648,0.1749377258627237,0.3260718325630237,-1.6293272017567801,-0.7196378147839043,0.4972184168845227,-0.5612699958087012,0.0,-0.4982780598497206
0,an1_crus1_lat,202002_cfos,CNOnCrusILT,-0.9286218401959868,0.26447711417969966,1.1284857649730307,-0.17180606491461828,0.3607662669230334,-1.0842332365823069,-1.8019012464617858,-1.1752412719909746,1.227078394003725,0.4616942322275502,0.6440285708912442,1.372808593763514
1,an15_crus1_lat,202002_cfos,CNOnCrusILT,0.04032019581026133,0.6801750193922286,1.3070403533153099,-0.5508718153414086,-0.6382292721458056,-0.8351041280830378,-1.728218146808208,-0.8457458924012965,1.3591501292904087,0.06216545431726635,0.3601337856891531,2.2045594880323924
2,an16_crus1_lat,202002_cfos,CNOnCrusILT,-1.8978365019845407,3.118875598126109,0.41968389199544903,-2.442209834905616,-0.10275673724145383,-1.637268315606808,-3.0464572014388738,-0.13869816036993313,1.004114492266652,-0.31513790617795934,0.4058504153271412,-0.10404701933681343
3,an17_crus1_lat,202002_cfos,CNOnCrusILT,-0.4054192310736833,1.4451294999671054,2.4643569141421957,-1.1563926931964639,1.4581710274317181,-0.8799729385264007,-2.752474857655616,-1.8491064657573015,0.6151295279094781,-1.1470305191823271,0.2552369183010308,-0.8173628354693128
4,an2_crus1_lat,202002_cfos,CNOnCrusILT,-0.3252934316440243,3.107052762271002,0.9164574744808087,-2.1862946628455306,-2.57310490340682,-0.6198340781588985,-0.8240336248789103,0.9497359440495575,1.5257948055738366,0.7176915409886957,0.3604894131033527,-0.3120489300372717
5,an5_crus1_lat,202002_cfos,CNOnCrusILT,-2.4457106530066626,0.7520815658746879,1.5738034753634755,0.5856024061736718,0.7382671646464029,0.406826671145465,-2.179167075689044,-0.05158640407651315,-0.6688824974259947,0.2955599499652237,0.053789511528384834,-0.26888536766499177
6,an6_crus1_lat,202002_cfos,CNOnCrusILT,-2.219976635549092,1.026208380770296,1.8797099126894468,-1.124257478659821,-0.38060046848666357,1.3362680277705856,-1.6212171434365774,-0.6245676619277645,-0.46032916256315404,0.2832191404166724,1.0237562654387284,1.6081504793849555
7,an7_crus1_lat,202002_cfos,CNOnCrusILT,-1.0502708278519903,2.3723464464443405,2.365441929929653,-1.906390275333288,-1.0992902569235337,0.07575853959029855,-1.3345410058759404,0.15314006827888263,0.07790757441168683,-0.8393473333012746,0.6773374599891461,-0.09175295196826545
8,an8_crus1_lat,202002_cfos,CNOnCrusILT,-0.8996861190277854,1.7704035256135342,2.2063316216553828,-2.0462632813150066,-0.577658235832551,0.5972381708024057,-1.6263935770419955,-1.0319874458527698,0.9907198393518144,-0.030983478172392522,0.763455771717147,0.5230421031786225
9,an9_crus1_lat,202002_cfos,CNOnCrusILT,-0.694865051934273,1.177862639174426,3.1198585249295925,-1.5046228118263654,1.0236538056218232,1.4440138135679443,-1.621818936004433,0.5703564605445428,-0.9548751139695788,-1.0192752281929307,-0.34048348921489463,-1.1883658764021818
0,an10_crus1_lat,202002_cfos,CNOnCrusIRT,1.6468485841770757,2.9991468326672406,2.8945203813162945,-3.1822337659820783,-3.2558113823422414,1.5952456860751207,-0.03973662549799134,0.5946635502113163,-0.4133061950883108,0.16043323416516772,0.27069670279306085,1.0708444299043403
1,an11_crus1_lat,202002_cfos,CNOnCrusIRT,1.4572341626911045,1.5043747694600893,2.368014119034341,-1.1875838415317186,-2.8933476423695557,3.627666967260036,-0.6803645879741012,3.1709157264179293,-0.17229081365437646,-0.22799238078365522,0.10168389200411386,-0.1752137245140538
2,an12_crus1_lat,202002_cfos,CNOnCrusIRT,-0.6646790735824188,3.5568579120192294,1.5156000958010232,-2.5700210739184537,0.9469191710110094,-0.3857062060421413,-2.1471924677261445,-1.599386745654054,-1.214029476213685,-1.4112790682042775,-0.6968847912223572,-1.8522574622697667
3,an13_crus1_lat,202002_cfos,CNOnCrusIRT,0.17793760789790686,2.9547804068282546,3.1890830942833706,-1.1455795541733649,-1.3719044535687095,4.1019095191018335,-2.8915757045987136,-1.5085731424797926,-1.0807932068178443,-1.7193571546192272,0.2946987090672498,-0.6991762633363438
4,an14_crus1_lat,202002_cfos,CNOnCrusIRT,-0.13037834936737455,-0.572330367968102,3.384373593950751,0.012664234111675436,0.7243790311113423,1.4575598873433717,-0.5293325404910666,-0.316181879483852,0.28052275603075966,0.19544568690474093,0.6838777369279373,-0.9973023659927148
5,an18_crus1_lat,202002_cfos,CNOnCrusIRT,-0.005647695355802458,0.11491550806689936,1.1647306442517682,-1.9890231502432447,1.1696724215501755,-0.8917245339919389,-2.138990947530398,-0.895010113103968,1.1600560994148759,-0.24324127988164895,1.5284384514925593,1.3599480875128072
6,an19_crus1_lat,202002_cfos,CNOnCrusIRT,0.0856689947983923,1.8278514867537448,0.7454715302659778,-1.1086033411407115,-1.3906624470815994,-0.26668913121069393,-0.4878292772071716,0.06220844923147926,0.49787270142978457,-0.3957730301919178,0.5594682359084446,-0.12779737537174024
7,an20_crus1_lat,202002_cfos,CNOnCrusIRT,-0.7519771711718062,2.4105688325734684,0.8535292853931238,-1.6086697363904097,-0.2641214480185962,-1.307591852538935,-2.9043213094787323,-0.05095576214373077,-0.20525083736504252,-0.15386806962931912,0.41782675974157313,0.7557059957452615
8,an3_crus1_lat,202002_cfos,CNOnCrusIRT,-0.04615576616462646,1.9114350919923961,1.6190014173893894,-0.876157407597958,0.007886874528821591,0.2280941252767102,-2.4255148640371633,0.09168289799063424,-0.473965654952889,-0.498419141226137,-0.10922086104528432,-0.5958682969966
9,an4_crus1_lat,202002_cfos,CNOnCrusIRT,1.1298324416859808,2.6322782655706187,1.2335802611423046,-2.038542123722079,-0.8355381562979735,-0.8812451497712945,-1.676066735673243,-1.0616684012802948,0.1960315099209648,-0.33232423043230946,0.8948265120783213,-0.6253024812383158
0,an26_crus1_lat,202002_cfos,Vehicle_control_reversal,-0.2529352150916943,1.7922139873344158,0.6911363825319209,-0.9634671616279905,0.33745952986953376,-0.46761124284581185,-1.114813572651256,-0.5993174890233084,0.4895527832072198,-0.7051397742627874,-0.36917163270175557,-1.423502693971807
1,an27_crus1_lat,202002_cfos,Vehicle_control_reversal,-0.7445817325596827,1.3007357024032087,2.263692432762652,-0.4312301156380921,-0.020268912268770475,-0.9212396535192457,-2.892815633981465,-1.4939606954529288,-0.04508667329914567,-0.14751957280396194,1.081975069759695,1.256478996415282
2,an28_crus1_lat,202002_cfos,Vehicle_control_reversal,-3.417569254884006,0.8590127837127658,-1.7899705649026993,0.30134966941726704,-1.3630269219515543,2.5043396823247277,-2.9894516093315255,3.0848917862236838,3.268517405046374,3.5656762548254664,-0.02071526121838701,-0.17916413141073773
3,an29_crus1_lat,202002_cfos,Vehicle_control_reversal,0.4324721312610709,1.6548580862534727,3.1012385843000105,-1.2039949409601454,-1.4265442332151548,2.8158021777778317,-1.6802865423087943,2.108229508997226,0.9794304352301852,-0.3604758376277624,-0.2664762485368891,-1.517337267505095
4,an30_crus1_lat,202002_cfos,Vehicle_control_reversal,-0.9490756670426053,2.685623772687443,1.752564623890909,-2.036356179052118,0.20580367495469834,1.2278364894678608,-1.5842977577681034,-0.6220048974367355,-0.5948237921090576,-1.2176344666616046,-0.30734779159792747,-1.592949419258018
5,an31_crus1_lat,202002_cfos,Vehicle_control_reversal,0.5006932020920539,1.0832541357106753,0.9278664634594446,-0.4391028459229777,0.7465460735617762,0.07278362458256371,-2.5422924159854725,-0.46522856895752696,0.25552127414753845,0.6057514714002562,-0.3472204411008092,-0.5327558841511734
6,an32_crus1_lat,202002_cfos,Vehicle_control_reversal,0.5131031766274954,2.212895955191284,3.719073624495652,-1.5885527877470336,-1.9131162844882572,-0.6454424070257562,-1.6841445076349209,1.8894718589188735,2.456098356450246,-0.48397040334014485,-0.24015869197809203,-0.788016848443463
7,an33_crus1_lat,202002_cfos,Vehicle_control_reversal,-0.7537917042904798,2.491769904220751,2.0639405277329286,0.25362743065672033,-0.152871870050359,0.21707783583580814,-3.0614294976394376,-1.2410302410779166,0.08518773977863285,-1.145951440700024,-0.29683761193168307,-1.4840602076871927
8,an34_crus1_lat,202002_cfos,Vehicle_control_reversal,0.2987876841414605,2.4176397792431725,2.2628828486556043,-2.003145598125428,-2.377830308773721,2.4200146245105434,-0.8307809360367694,2.294604334314767,-0.22800119194100554,0.4312592630316931,-0.19621934262965002,-0.43638583531807024
0,an6_cno,202002_cfos,cno_injection,11.22309250090382,1.8447005494879594,7.477427871008439,-1.5262923002126538,-3.444638050466557,-1.0858278984103877,-0.6031702472060743,-1.7104179427339234,1.0578305490357025,-1.8476681694170634,1.0597002573078125,-1.3468252569964385
1,an7_cno,202002_cfos,cno_injection,4.758169133985929,2.5220830470812525,5.794871328580039,-1.4592471407203131,-4.226202633712464,-0.7790682604454798,-0.502426279931873,-0.4525225685328318,3.436912465072831,-1.645971813149303,1.8979182896673104,-1.6861416001119283
2,an8_cno,202002_cfos,cno_injection,13.268876564072919,2.635688862874377,11.126513211726857,-0.407519556247132,-3.394863009423915,-2.1605425789309973,-1.9880642835891398,-4.274076453653295,0.4153680968311433,-1.6944933819443675,0.00551451876715864,-1.6991188518302414
0,an0_mcherrydymaze,202002_cfos,dilutedvector_control_reversal,1.1481365430526242,-0.43251248783604995,0.0,0.8223874580066152,1.0522942995235212,-2.124102202769079,1.7878499225515372,-2.283790915389834,-0.9180171135041548,0.0,-0.3731539310732115,-0.1202319065391357
1,an1_mcherrydymaze,202002_cfos,dilutedvector_control_reversal,0.0,-0.04667474280765903,-1.2878105113839853,-0.4268030818132839,-0.9837274248162083,-0.42390295517941906,1.0830922109955337,-1.567150538033006,-1.0108238365920157,1.1372951531766697,2.115848469756568,2.3440716059087277
2,an10_mcherrydymaze,202002_cfos,dilutedvector_control_reversal,-0.7750598937112794,-1.7236499745559861,-1.0873700469997527,2.2668733847125058,0.661359810497432,0.9586872782857346,3.003637718651316,0.6690983570294932,-1.8878032992411629,1.6203350520245747,-0.7363472391691944,-0.7969791771040218
3,an11_mcherrydymaze,202002_cfos,dilutedvector_control_reversal,-0.769258240949651,-0.04390021902285256,-0.8376315854906229,-0.23021445229178736,0.3969228564485311,-1.0345553371569685,-0.20409715258482436,1.146960108188864,1.171813104021202,1.5063558761782174,-0.24190321494916356,0.0
4,an12_mcherrydymaze,202002_cfos,dilutedvector_control_reversal,2.1742822740396255,-0.9652451925246226,-1.253231323125007,4.674263489158388,-2.0966589484365143,1.271470806690238,0.09364383760107708,2.061610750117716,-1.408818918046591,-0.261689209845236,-0.9386268482045872,0.7321539748503304
5,an13_mcherrydymaze,202002_cfos,dilutedvector_control_reversal,1.1135679395786227,0.6465212205250666,1.653994483002858,-1.3603612991487286,-1.8960247212997647,0.017546176550562533,1.2835446619271451,0.46319296539544647,0.20817615889344163,0.6338995382589518,0.8854245796527158,0.9608968103819805
6,an14_mcherrydymaze,202002_cfos,dilutedvector_control_reversal,0.5617503848263371,0.0,-0.8842964859971812,-0.2047980962423762,-1.8261888331080083,0.6796960361081955,1.1009532601799241,0.2511227673282358,-0.7082407172511105,0.35249095309453093,1.4967964882942726,2.0642122271456445
7,an2_mcherrydymaze,202002_cfos,dilutedvector_control_reversal,-1.2655700796338873,-1.948740058521534,-0.23581760060924037,0.0,0.6687937585234148,3.962070881183152,0.26549840750894,0.08502310925969457,0.0865254859432382,-1.0448490259339511,0.44665857626365985,2.580816582863186
8,an3_mcherrydymaze,202002_cfos,dilutedvector_control_reversal,-0.30815850145162343,-1.8614524734240505,-1.4669588058457135,0.26917367644986134,-0.8446519792515389,-0.5151083419955389,0.2641740089635847,0.0,2.2447155647045256,3.2133713755687965,3.180272864525666,2.1290564050686025
9,an4_mcherrydymaze,202002_cfos,dilutedvector_control_reversal,0.3419280040898538,2.4902165579925484,-1.139437508328179,-0.4160418359694057,-3.130192122447784,-0.39100718374223115,-0.42562103900985765,2.0683141273247614,0.0,1.5733084738577425,0.2833346515445689,0.03854985004175952
10,an6_mcherrydymaze,202002_cfos,dilutedvector_control_reversal,-0.7454411067538091,-0.30067791154485496,0.3555593562127454,0.03657138790110531,-0.5983957468168823,-1.8444330576737415,-0.387368521296762,-0.7183254320577525,0.1629609686050412,-0.24513523435096288,4.034596423176148,0.7454005982403136
11,an7_mcherrydymaze,202002_cfos,dilutedvector_control_reversal,0.08752830553964551,0.27687686395943223,0.05455015007036241,0.8264316636152889,0.7451111671097812,-0.350473763254539,-0.6083280184261577,-0.7725823401604135,-0.7653336620297008,-1.1505928504601275,-0.1642655676638865,-0.3174899916607264
12,an8_mcherrydymaze,202002_cfos,dilutedvector_control_reversal,1.5624042910677527,0.4222466676267047,0.025875977879239953,1.144001513974047,0.238676177575096,-1.8627126333103425,0.0,-0.8363623470354777,-1.1245105236522928,-0.8766493692659826,-0.29698308068771556,-0.27191774962726867
13,an9_mcherrydymaze,202002_cfos,dilutedvector_control_reversal,1.6337426110385427,-1.3402282488650086,-0.9363322259780247,1.8934449434174896,2.1610389132583125,-0.4403155486583899,0.05868393040668546,-1.8042596815668908,-1.5573529452019659,-1.363063795862688,0.24543419406694184,-0.6535476694351224
0,an1_vecctrl_ymaze,202002_cfos,lobVI_noreversal,-0.1735368578386153,-0.2192787263304691,1.3581115429017485,-0.20497020052242015,-1.6725873364165722,1.0082334231134,0.09414557599230174,0.6643950919124463,0.748489923788355,-0.8424250264871916,2.3015150232981214,1.1147139672005757
1,an10_vecctrl_ymaze,202002_cfos,lobVI_noreversal,0.6638063111775868,0.05522357083216533,1.251344625820619,-2.388372897979858,-1.0216682849476826,1.0553052631876263,-0.5570447777517782,-0.9693293093774221,0.40509715957403664,1.0210164502565837,3.595023252375811,1.811769999191619
2,an2_vecctrl_ymaze,202002_cfos,lobVI_noreversal,-1.186554899407966,-0.8840629880375044,0.1241874807328801,-1.6366484251062623,0.6639841404613444,3.3381010219901204,-1.4323397005809047,-0.3215177644457035,-0.39116132214685245,0.5848308462162664,3.383286367146766,1.163026234686101
3,an3_vecctrl_ymaze,202002_cfos,lobVI_noreversal,-0.2947163102572313,0.9021064349498136,0.5701295194095877,-0.8680554953278117,0.35023043940607207,0.39996407881918977,-1.836913697935051,0.6763096946385737,0.1426885686327891,0.2819276780442243,0.35142354799445474,-0.4507821941940605
4,an4_vecctrl_ymaze,202002_cfos,lobVI_noreversal,-0.15130802510255942,-0.2795835254925254,0.6241077982991724,-1.0029451412184913,-0.3470328902375078,2.005635780032121,0.19257690986876747,0.8475664690598478,0.73256042458122,-0.447589385444291,1.7182890189159867,-0.503215086111864
5,an5_vecctrl_ymaze,202002_cfos,lobVI_noreversal,-0.15214583861198183,-0.41890808973878507,1.244211359326048,-1.3840417201439783,0.3387376661948257,1.4365973819526834,-0.635455642296253,-1.0487980612899122,0.23433247979491909,0.27534566346824413,2.353397961860653,0.7862911907833537
6,an6_vecctrl_ymaze,202002_cfos,lobVI_noreversal,-0.6526209986069594,0.3268468027554498,0.683416381690805,-2.334637478975227,0.16518255678347124,1.2676378120711,-1.222003300450435,-1.7202395023643726,0.29821162392499256,-0.035667703611038326,3.5107652701825116,0.8502731282742931
7,an7_vecctrl_ymaze,202002_cfos,lobVI_noreversal,0.4813191249479755,0.7219035627876673,0.5120428103672433,-1.5214942719675537,1.3268810416742787,1.3646385521892814,-0.581367089260967,-3.0251459787823474,-0.8117482984931849,-0.162809461978001,0.9626752630700944,-0.6244879069415071
8,an8_vecctrl_ymaze,202002_cfos,lobVI_noreversal,0.5429400946448216,1.1837355730928452,0.5925348606436446,-2.005143383770323,1.0027419460253482,1.2552125493537605,-1.5651845498202317,-1.4959674073770872,-0.3646175333209964,-0.622497897729316,0.7956328936622805,-0.5863368445672477
9,an9_vecctrl_ymaze,202002_cfos,lobVI_noreversal,-0.18815509964959654,0.9614059898854421,0.9782463451821333,-2.077182023094049,-0.7972839229831027,2.189754536740998,-0.6768058159113887,-0.3234809122161536,-0.5355641642639084,-0.037238979994624846,2.746181460270114,-0.11304447009810092
0,an1_saline,202002_cfos,saline_injection,13.866092479760047,3.3243213816373856,9.711072607973424,0.008941703320872749,-3.981530544472538,-2.7414271044765295,-2.546851170326481,-4.579522393755517,0.08057115171996933,-2.4030500675081194,0.466909993526794,-1.7007335327753372
1,an2_saline,202002_cfos,saline_injection,12.395590823908945,3.0308994098867057,9.69284392078183,-1.4079609083859868,-4.074931031673381,-2.602228169625906,-1.1298528445876739,-2.2455343631952074,0.37539700767902984,-2.3633906619253273,0.35882480305743714,-1.4759737223111082
2,an3_saline,202002_cfos,saline_injection,14.875170660341691,2.78028537416861,10.896987247326036,-0.7389866964564172,-4.10286032151514,-2.681009522795657,-2.0007673980740597,-2.186606812434312,0.4770681347302944,-1.9675557005896531,-0.22175199098385587,-1.807501038057943
3,an4_saline,202002_cfos,saline_injection,9.737561756454355,1.4134585938146178,11.072952373696024,-1.2762701595571877,-3.1276774656580346,-1.955595295726889,0.13451722079441902,-2.7552667298089726,1.3456583616094453,-2.1710601293768597,1.1741150146895112,-1.3255569544407841
0,dadult_pc_crus1_2,201810_adultacutePC_ymaze_cfos,crusI_bilateral_reversal,0.3937324068705639,-0.1248514509412119,0.6168442086668239,-1.3165967797646203,0.9315129805815966,-0.49432268902959964,0.14223136816556714,-2.292573503050196,-0.7845594711996675,-3.212846798953762,1.9083001630750072,-0.10595712947170745
1,dadult_pc_crus1_5,201810_adultacutePC_ymaze_cfos,crusI_bilateral_reversal,-1.1737481133103924,-0.6186557544197611,0.8426560015126273,-0.03289228102280336,-0.3981010364994621,2.8219656695634976,0.8313558284130395,1.0429961938620607,1.1755595489625048,3.988558624865263,26.44630782970412,0.25549745984621375
2,dadult_pc_crus1_6,201810_adultacutePC_ymaze_cfos,crusI_bilateral_reversal,-0.94975505297936,1.5630729961030188,-2.137598800266757,-1.2227806844679607,-0.34834855189069674,0.8768220475989794,-1.165147742382295,-0.9710402228320549,-1.2832589958920535,-0.5074177060196617,-1.6334120096616334,-1.5327841210608706
3,dadult_pc_crus1_7,201810_adultacutePC_ymaze_cfos,crusI_bilateral_reversal,1.0232406939231105,-0.5796275263442893,0.8578101312501771,-1.294879844367382,0.4785333470612124,-0.47261593332252627,1.3335163714983753,-0.01947916684719059,-1.011757579152686,0.27202353656687245,-1.6334120096616334,-1.2924669667212147
4,dadult_pc_crus1_8,201810_adultacutePC_ymaze_cfos,crusI_bilateral_reversal,1.8910806813591003,-1.2926788649619785,1.5520359087472935,-0.22465831227220578,0.08834114101467593,0.7827798583077292,1.927216820742952,-0.10382653761575104,0.12232153832125839,0.4309909247052241,-1.6334120096616334,-1.0038424183236694
5,dadult_pc_crus1_9,201810_adultacutePC_ymaze_cfos,crusI_bilateral_reversal,0.4731653950092987,-0.2929274068087749,1.2211352346484194,-0.8313754507233184,-0.19398955367839646,1.0383065400076021,2.5505787892508676,-1.8907289665467972,-0.6775823306173675,-0.7546369309646922,-1.6334120096616334,0.28134086645423884
0,dadult_pc_lob6_13,201810_adultacutePC_ymaze_cfos,lobVI_reversal,0.022247148997075035,2.2817474655507044,1.7294974672956052,0.041204688694484064,-2.0176023572239026,-1.577210865901703,-1.7651215990076938,1.522034635342526,2.4506966962855437,-1.578819527924147,0.04046283679050444,-0.900617221082128
1,dadult_pc_lob6_15,201810_adultacutePC_ymaze_cfos,lobVI_reversal,1.37848886100793,0.8442806364959731,3.3984336746929515,0.8258254250824025,-0.9607945545425884,-1.8635380222193925,-1.3067247470020082,0.06648129616302643,0.3179939026802446,1.3965749615122858,-0.222937043650147,0.14056277750282808
2,dadult_pc_lob6_17,201810_adultacutePC_ymaze_cfos,lobVI_reversal,-0.09468735169998255,0.9678054031508253,2.5062171160247884,2.6989226816237943,-1.3880617891175404,-1.3786457145002193,-1.2179887348861316,0.31888544063664687,0.43056320291870204,-0.4227346977090346,-1.6334120096616334,-0.40150072518470803
3,dadult_pc_lob6_18,201810_adultacutePC_ymaze_cfos,lobVI_reversal,-0.7888468705838939,-0.009477635726688477,1.042014244136096,2.6126218806372545,0.07235167285231259,-1.1959424652737625,-1.7619543144150802,-0.1630238087179713,0.3089921890413328,-1.723129529175799,-1.6334120096616334,-1.1620242657184652
4,dadult_pc_lob6_19,201810_adultacutePC_ymaze_cfos,lobVI_reversal,0.7222563023024554,0.8606209543386211,2.492481086469819,2.1954915306808767,-1.2577230637005334,-1.147465905838993,-1.0065723270206253,-0.26930546194693583,-0.31154564221201614,-0.664747001125189,-0.4274058524985291,-0.054156257832209745
5,dadult_pc_lob6_20,201810_adultacutePC_ymaze_cfos,lobVI_reversal,-0.005371202801973785,-0.37594856471415217,-1.2429887006581475,3.1422567823900107,-0.8215206842695418,-1.4127610087205942,-1.638151936091145,2.4941866012509153,5.533586455977725,3.324207389422577,-1.6334120096616334,-0.3899430446013758
6,dadult_pc_lob6_21,201810_adultacutePC_ymaze_cfos,lobVI_reversal,0.0007905706653473025,-0.6444934480805755,-0.9843953991233159,2.233013703725437,0.35411749458086406,-0.9778027742006046,-1.3002022874735204,-0.05022632803340212,1.1454758165296337,1.8129697814866272,10.62362251148603,0.7283719907954487
0,dadult_pc_crus1_1,201810_adultacutePC_ymaze_cfos,vector_control_reversal,-1.0045869588251044,-0.10540311844474448,-0.36260437279611296,-0.9312282398003209,0.6758224438152485,0.0,0.0,-0.8146020952156082,-0.2997241547521149,1.7025371545159906,0.5918078712291109,1.4647504189403242
1,dadult_pc_crus1_3,201810_adultacutePC_ymaze_cfos,vector_control_reversal,0.004833080282410789,-1.135546748886123,1.2132099157669622,0.0,0.7611642430316325,1.4078602553380155,1.0797618980109742,-2.229710895770881,-0.16308416310306323,-0.3274503274138961,-1.6334120096616334,1.4139530434966059
2,dadult_pc_crus1_4,201810_adultacutePC_ymaze_cfos,vector_control_reversal,0.0,0.0,0.0,-0.7234067775946093,0.0,0.5956246486532606,0.17683531902281077,0.0,0.0,1.892612260102224,-1.6334120096616334,-0.8419407493272076
3,dadult_pc_lob6_14,201810_adultacutePC_ymaze_cfos,vector_control_reversal,1.1633230008739093,1.6672904894008962,2.4091415002950973,0.5313143614154175,-1.3075598335644056,-2.1423054569164237,-1.9799642917216245,0.16609473017142606,0.796048319412495,-0.529825550658782,0.7579560997859885,-1.090004057017398
4,dadult_pc_lob6_16,201810_adultacutePC_ymaze_cfos,vector_control_reversal,-2.383308987070682,1.6720762657118586,-0.4538685031107972,2.5322622936546293,-1.9011157085376735,-0.6887046070893922,-1.3489708969225185,1.517435783348841,3.0620794686840522,0.0,0.0,0.0
