"control","treatment","region","Estimate","Std. Error","t value","Pr(>|t|)","fdr_adj_pval","status"
"control","observer","Frontal pole, layer 1",2.65844555779558e-05,2.09298376259502e-05,1.27017017776548,0.216723784924166,0.894224629828042,"success"
"control","observer","Frontal pole, layer 2/3",-4.23004171502653e-06,7.44573365575865e-06,-0.568116173717139,0.575461099184087,0.952123755863125,"success"
"control","observer","Primary motor area, Layer 2/3",-0.00236237466068462,0.00151283119325375,-1.56155866643899,0.132047546027451,0.879059377839889,"success"
"control","observer","Primary motor area, Layer 5",-0.000879391797366381,0.000794219114717743,-1.10724078666743,0.279635842172122,0.913933058157426,"success"
"control","observer","Primary motor area, Layer 6a",-0.00116126429306298,0.000895830702864257,-1.29629883118546,0.207729275512034,0.894224629828042,"success"
"control","observer","Secondary motor area, layer 1",-1.38036646851518e-06,6.22659670512856e-06,-0.221688754529137,0.826512704744424,0.952123755863125,"success"
"control","observer","Secondary motor area, layer 2/3",-0.00317956524581309,0.00227665402645153,-1.39659570969985,0.175867783739404,0.894224629828042,"success"
"control","observer","Secondary motor area, layer 5",-0.00126871677313101,0.00225846595108776,-0.561760416410066,0.579712852259652,0.952123755863125,"success"
"control","observer","Secondary motor area, layer 6a",-0.000685561413934947,0.000656949772073991,-1.04355225175074,0.307537549089877,0.913933058157426,"success"
"control","observer","Primary somatosensory area, nose, layer 2/3",-5.38821198289805e-05,2.23967607916121e-05,-2.40579967479762,0.0245735463851941,0.836423235840408,"success"
"control","observer","Primary somatosensory area, nose, layer 4",7.58474785926989e-06,2.569374444614e-05,0.295198229093049,0.770490834122594,0.952123755863125,"success"
"control","observer","Primary somatosensory area, nose, layer 5",-7.12365163947784e-05,3.56297844312504e-05,-1.99935300007872,0.0575191498489589,0.836423235840408,"success"
"control","observer","Primary somatosensory area, nose, layer 6a",-0.000106829170907941,7.22475001920622e-05,-1.4786556022554,0.152798224868292,0.894224629828042,"success"
"control","observer","Primary somatosensory area, barrel field, layer 2/3",-0.00113805648201977,0.000569334978429018,-1.9989224711962,0.0575688385623088,0.836423235840408,"success"
"control","observer","Primary somatosensory area, barrel field, layer 4",-0.000338714855189995,0.00019520356409324,-1.73518786280053,0.0960896469226767,0.836423235840408,"success"
"control","observer","Primary somatosensory area, barrel field, layer 5",-0.000269792321651691,0.000177542101955448,-1.51959630239926,0.142240930609435,0.883790315519956,"success"
"control","observer","Primary somatosensory area, barrel field, layer 6a",-0.000506618603582637,0.000349975347410805,-1.44758368648167,0.161227901467946,0.894224629828042,"success"
"control","observer","Primary somatosensory area, lower limb, layer 2/3",-0.000803321427199048,0.000671635352365603,-1.19606781324066,0.243855496074065,0.894224629828042,"success"
"control","observer","Primary somatosensory area, lower limb, layer 4",-1.37776502998957e-05,2.75392368184878e-05,-0.500291652622939,0.621623107113172,0.952123755863125,"success"
"control","observer","Primary somatosensory area, lower limb, layer 5",-0.000192364968982691,0.000224381252911304,-0.857313017405834,0.400117159423125,0.930722986286814,"success"
"control","observer","Primary somatosensory area, lower limb, layer 6a",-0.000111125442424776,0.000158534934710864,-0.700952396564497,0.490364210312173,0.939233456322683,"success"
"control","observer","Primary somatosensory area, mouth, layer 2/3",3.13445000699343e-05,5.58810242493569e-05,0.560914916843083,0.580279640696461,0.952123755863125,"success"
"control","observer","Primary somatosensory area, mouth, layer 4",1.44882158432653e-05,2.00020944439233e-05,0.724334938217779,0.47616432272323,0.939233456322683,"success"
"control","observer","Primary somatosensory area, mouth, layer 5",1.01568683180273e-05,5.5869923019854e-05,0.18179492236669,0.857336360286529,0.952123755863125,"success"
"control","observer","Primary somatosensory area, mouth, layer 6a",-7.59779199876349e-05,0.00012519115002149,-0.606895295510845,0.549865057479818,0.952123755863125,"success"
"control","observer","Primary somatosensory area, upper limb, layer 1",1.35807198266221e-06,9.59984679246579e-07,1.41468089233263,0.170558364404203,0.894224629828042,"success"
"control","observer","Primary somatosensory area, upper limb, layer 2/3",-0.000567405926937517,0.000323686430927757,-1.75294937545329,0.0929317453193488,0.836423235840408,"success"
"control","observer","Primary somatosensory area, upper limb, layer 4",-5.25053584210763e-05,3.54573108013942e-05,-1.4808048674411,0.152228599251828,0.894224629828042,"success"
"control","observer","Primary somatosensory area, upper limb, layer 5",-0.000279443098768273,0.000139324174962286,-2.00570431401382,0.0567905282199845,0.836423235840408,"success"
"control","observer","Primary somatosensory area, upper limb, layer 6a",-0.00037486093384759,0.000216532395201455,-1.73120023679981,0.0968110794859458,0.836423235840408,"success"
"control","observer","Primary somatosensory area, trunk, layer 2/3",-0.000119604100899935,0.000152176424622915,-0.785956833959714,0.439915421076831,0.937556221504805,"success"
"control","observer","Primary somatosensory area, trunk, layer 4",5.99495584415273e-07,6.25017352570771e-07,0.959166304662543,0.347450201330874,0.919953373978337,"success"
"control","observer","Primary somatosensory area, trunk, layer 5",-2.12223339927891e-05,6.44644326350897e-05,-0.329209970914057,0.744976088736713,0.952123755863125,"success"
"control","observer","Primary somatosensory area, trunk, layer 6a",-3.93990220696644e-05,2.32136839456697e-05,-1.69723263924311,0.103145566816512,0.836423235840408,"success"
"control","observer","Supplemental somatosensory area, layer 1",-1.367913860037e-06,1.49724032740585e-06,-0.913623441072468,0.370393319141235,0.930722986286814,"success"
"control","observer","Supplemental somatosensory area, layer 2/3",-0.000432998912817807,0.000224216215782255,-1.93116680391354,0.0658780523234854,0.836423235840408,"success"
"control","observer","Supplemental somatosensory area, layer 4",-6.77272858061656e-06,7.05673588175005e-06,-0.959753729501485,0.347160700101353,0.919953373978337,"success"
"control","observer","Supplemental somatosensory area, layer 5",-0.000299939133951576,0.000242116701605689,-1.23882050251972,0.227906326963511,0.894224629828042,"success"
"control","observer","Supplemental somatosensory area, layer 6a",-6.32096513639852e-05,0.00037073488480601,-0.170498256178563,0.86610926000303,0.952123755863125,"success"
"control","observer","Gustatory areas, layer 2/3",-9.97022595243025e-06,4.49076050725535e-06,-2.22016425421088,0.0365425418211623,0.836423235840408,"success"
"control","observer","Gustatory areas, layer 5",-3.32472526097464e-05,5.18102609677696e-05,-0.641711737959185,0.52740460114727,0.941653432788899,"success"
"control","observer","Gustatory areas, layer 6a",1.41499296451187e-05,5.23247893483024e-05,0.270424971057772,0.789245180125237,0.952123755863125,"success"
"control","observer","Visceral area, layer 1",-6.43028923440976e-07,6.16681983613028e-07,-1.0427237061047,0.307913068950034,0.913933058157426,"success"
"control","observer","Visceral area, layer 2/3",-5.27277115788096e-05,5.70013966400815e-05,-0.925024906174548,0.364557346584196,0.930722986286814,"success"
"control","observer","Visceral area, layer 5",-0.000102470365118713,7.74716022839453e-05,-1.32268291990584,0.198942514623345,0.894224629828042,"success"
"control","observer","Visceral area, layer 6a",3.24436562911298e-05,0.000150070481586763,0.216189459433251,0.830745988464898,0.952123755863125,"success"
"control","observer","Dorsal auditory area, layer 2/3",-6.73688312949629e-05,9.64298598957574e-05,-0.698630396930888,0.491787474984409,0.939233456322683,"success"
"control","observer","Dorsal auditory area, layer 5",-5.58670738338747e-05,8.55334344613447e-05,-0.653160652155536,0.520129162386502,0.939803704178707,"success"
"control","observer","Dorsal auditory area, layer 6a",-3.15486601030865e-06,1.49180328137531e-05,-0.211480028881565,0.834375418390644,0.952123755863125,"success"
"control","observer","Primary auditory area, layer 1",6.65033344771907e-07,6.93345191067654e-07,0.959166304662544,0.347450201330874,0.919953373978337,"success"
"control","observer","Primary auditory area, layer 2/3",-0.000107160839024242,6.43693974912227e-05,-1.6647792771224,0.109522410624914,0.837933724741975,"success"
"control","observer","Primary auditory area, layer 5",-0.000218949196883062,0.000209679905314576,-1.04420686643567,0.307241088220743,0.913933058157426,"success"
"control","observer","Primary auditory area, layer 6a",-1.75485172137128e-05,3.06479415078582e-05,-0.57258387840545,0.572481810830796,0.952123755863125,"success"
"control","observer","Posterior auditory area, layer 2/3",-4.22750407415814e-06,7.68029512633312e-06,-0.550435107586356,0.587327767179481,0.952123755863125,"success"
"control","observer","Posterior auditory area, layer 5",-9.98818709971131e-06,1.98050620508542e-05,-0.504324958642606,0.618830422608711,0.952123755863125,"success"
"control","observer","Ventral auditory area, layer 2/3",-3.45904989018197e-05,6.73515486935852e-05,-0.5135813440488,0.612443445643908,0.952123755863125,"success"
"control","observer","Ventral auditory area, layer 5",-0.000118693079354263,0.000154193310326428,-0.769768021083335,0.44927173700984,0.937556221504805,"success"
"control","observer","Ventral auditory area, layer 6a",1.80705993983256e-05,3.65478155316841e-05,0.494437195094732,0.62568711873469,0.952123755863125,"success"
"control","observer","Anterolateral visual area, layer 2/3",-0.000136666628211276,7.77211320796307e-05,-1.75842302542958,0.0919766303989904,0.836423235840408,"success"
"control","observer","Anterolateral visual area, layer 5",-3.57127293456547e-05,2.80090411853268e-05,-1.2750429088006,0.215024089218767,0.894224629828042,"success"
"control","observer","Anterolateral visual area, layer 6a",1.5436990199842e-06,6.67417504704287e-06,0.231294356096963,0.819131398947091,0.952123755863125,"success"
"control","observer","Anteromedial visual area, layer 2/3",-0.000374416178779737,0.00021444602632483,-1.74596930144369,0.0941620202106335,0.836423235840408,"success"
"control","observer","Anteromedial visual area, layer 5",-5.7798751403879e-05,2.80923345461492e-05,-2.0574563252808,0.0511525094441264,0.836423235840408,"success"
"control","observer","Anteromedial visual area, layer 6a",-1.25713014919586e-05,1.56942770803154e-05,-0.80101182282083,0.431322241824946,0.937556221504805,"success"
"control","observer","Lateral visual area, layer 2/3",-0.000107936567415339,8.10918771698101e-05,-1.33104043441138,0.196220394980944,0.894224629828042,"success"
"control","observer","Lateral visual area, layer 5",-8.53241384817825e-05,4.517671344054e-05,-1.8886752041864,0.0716112561747286,0.836423235840408,"success"
"control","observer","Lateral visual area, layer 6a",5.62568901361919e-06,2.2944128057601e-05,0.245190795636076,0.808483206719528,0.952123755863125,"success"
"control","observer","Primary visual area, layer 2/3",-0.000759970178632002,0.00108652951486494,-0.699447339657835,0.491286462293982,0.939233456322683,"success"
"control","observer","Primary visual area, layer 4",-4.55267456863244e-06,2.11958299928791e-06,-2.14791049473503,0.0424879838211728,0.836423235840408,"success"
"control","observer","Primary visual area, layer 5",-8.94499048534532e-05,0.000184702953755984,-0.484290603016711,0.632759368185981,0.952123755863125,"success"
"control","observer","Primary visual area, layer 6a",-0.000227650300739206,0.000188456693238473,-1.2079714274257,0.239332914489285,0.894224629828042,"success"
"control","observer","Posterolateral visual area, layer 2/3",1.04898181190838e-05,9.73031148564983e-06,1.07805573691593,0.29218612273669,0.913933058157426,"success"
"control","observer","Posterolateral visual area, layer 5",-9.81045378397343e-05,6.24151039161594e-05,-1.57180765046095,0.129651669409373,0.879059377839889,"success"
"control","observer","Posterolateral visual area, layer 6a",-2.09657147474098e-05,1.27835528569893e-05,-1.64005382399987,0.114600994702002,0.847683548113224,"success"
"control","observer","posteromedial visual area, layer 2/3",-5.71550961325223e-05,0.000180144826261924,-0.317273037025336,0.753898657108434,0.952123755863125,"success"
"control","observer","posteromedial visual area, layer 5",-7.7986434711953e-05,4.35213525659068e-05,-1.79191201821804,0.0863143235885272,0.836423235840408,"success"
"control","observer","posteromedial visual area, layer 6a",-4.68954163761911e-06,1.88302679542801e-05,-0.249042745913405,0.805538224377658,0.952123755863125,"success"
"control","observer","Anterior cingulate area, dorsal part, layer 1",0.000249721067688881,0.000290624206029875,0.859257634111905,0.399065790686603,0.930722986286814,"success"
"control","observer","Anterior cingulate area, dorsal part, layer 2/3",-4.19592009746044e-05,6.43262035413979e-05,-0.652287849501347,0.520681853497187,0.939803704178707,"success"
"control","observer","Anterior cingulate area, dorsal part, layer 5",-0.0011865744061847,0.000868980757219928,-1.36547834497605,0.185309748806839,0.894224629828042,"success"
"control","observer","Anterior cingulate area, dorsal part, layer 6a",-0.000444065309524807,0.000245100704513619,-1.81176676095655,0.0831010176821406,0.836423235840408,"success"
"control","observer","Anterior cingulate area, ventral part, layer 1",0.000252133465603848,0.000198036867455608,1.27316427917325,0.215678171916736,0.894224629828042,"success"
"control","observer","Anterior cingulate area, ventral part, layer 5",-0.000203730957644771,0.000474538033699265,-0.429324823674478,0.671681828012218,0.952123755863125,"success"
"control","observer","Anterior cingulate area, ventral part, 6a",-3.83504348979091e-06,7.14867223102432e-05,-0.0536469342257337,0.957679719279745,0.972435086282324,"success"
"control","observer","Prelimbic area, layer 1",0.000272045180672432,0.000190547949343348,1.42769933557372,0.166816266430591,0.894224629828042,"success"
"control","observer","Prelimbic area, layer 2/3",1.98054068297364e-06,1.33821356445283e-06,1.47998849778769,0.152444760649319,0.894224629828042,"success"
"control","observer","Prelimbic area, layer 5",0.000681364581230071,0.000502844165614441,1.3550213521867,0.188571029787484,0.894224629828042,"success"
"control","observer","Prelimbic area, layer 6a",0.000346234923042831,0.000180523582428662,1.91794843856288,0.067616811863859,0.836423235840408,"success"
"control","observer","Infralimbic area, layer 1",-1.19248896767561e-05,2.72212057704626e-05,-0.438073529046083,0.66541977414563,0.952123755863125,"success"
"control","observer","Infralimbic area, layer 5",0.000216920927239745,0.000180744012898013,1.20015553357303,0.242295269688482,0.894224629828042,"success"
"control","observer","Infralimbic area, layer 6a",9.26003706439968e-05,4.59589303217009e-05,2.01485043267582,0.0557556690388695,0.836423235840408,"success"
"control","observer","Orbital area, lateral part, layer 1",5.95790265144543e-07,6.21154290187616e-07,0.959166304662546,0.347450201330873,0.919953373978337,"success"
"control","observer","Orbital area, lateral part, layer 2/3",-4.02856514337446e-05,5.80270849474949e-05,-0.694255992183592,0.494475167990549,0.939803704178707,"success"
"control","observer","Orbital area, lateral part, layer 5",-0.00039808641729935,0.000212710514030891,-1.87149384276105,0.0740504750929818,0.836423235840408,"success"
"control","observer","Orbital area, lateral part, layer 6a",-2.72079471797198e-05,6.76270084210391e-05,-0.402323684205071,0.691160493914002,0.952123755863125,"success"
"control","observer","Orbital area, medial part, layer 1",0.000197504880411865,0.000138588675076065,1.42511558252118,0.16755367855934,0.894224629828042,"success"
"control","observer","Orbital area, medial part, layer 2/3",3.20271725499574e-05,8.90783218233569e-05,0.359539469248955,0.722471647663485,0.952123755863125,"success"
"control","observer","Orbital area, medial part, layer 5",-0.000124233846307103,0.000241197993488681,-0.5150699825906,0.611419179970073,0.952123755863125,"success"
"control","observer","Orbital area, medial part, layer 6a",1.24724265322567e-05,2.38139211436947e-05,0.523745184885653,0.605466324509628,0.952123755863125,"success"
"control","observer","Orbital area, ventrolateral part, layer 1",-4.26186973512864e-06,2.80248167754105e-06,-1.52074847421236,0.14195267600912,0.883790315519956,"success"
"control","observer","Orbital area, ventrolateral part, layer 2/3",-0.000162678130648436,0.000211995786948752,-0.767364922623494,0.450670801753383,0.937556221504805,"success"
"control","observer","Orbital area, ventrolateral part, layer 5",-0.00013556450424861,0.000307527061441785,-0.440821382069727,0.663458042457284,0.952123755863125,"success"
"control","observer","Orbital area, ventrolateral part, layer 6a",-2.95023697752639e-05,5.88157572008999e-05,-0.501606562243027,0.620712014687138,0.952123755863125,"success"
"control","observer","Agranular insular area, dorsal part, layer 2/3",-1.74318815252448e-05,2.60263975680007e-05,-0.669776963165937,0.509668903553906,0.939803704178707,"success"
"control","observer","Agranular insular area, dorsal part, layer 5",7.23107278026017e-06,7.01906543511248e-05,0.103020449760835,0.918839729337219,0.970183270621129,"success"
"control","observer","Agranular insular area, dorsal part, layer 6a",0.00013456541701289,9.91148832924826e-05,1.35767114425989,0.187740383833667,0.894224629828042,"success"
"control","observer","Agranular insular area, posterior part, layer 1",-1.67658346761065e-06,2.35965533352462e-06,-0.710520491611939,0.484524453866799,0.939233456322683,"success"
"control","observer","Agranular insular area, posterior part, layer 2/3",-0.000252913871033902,0.000160680675383716,-1.57401548400221,0.129140287555946,0.879059377839889,"success"
"control","observer","Agranular insular area, posterior part, layer 5",1.63455397466465e-05,0.000116269851329631,0.140582787022803,0.889423508034898,0.965412677999558,"success"
"control","observer","Agranular insular area, posterior part, layer 6a",-1.15020741521617e-05,6.59005965154705e-05,-0.174536722887804,0.862970936324625,0.952123755863125,"success"
"control","observer","Agranular insular area, ventral part, layer 2/3",-8.39250847339583e-05,0.000120016593433029,-0.699279010787699,0.491389670708833,0.939233456322683,"success"
"control","observer","Agranular insular area, ventral part, layer 5",-2.4291409684376e-05,5.48693178584789e-05,-0.442713899724967,0.662108375222394,0.952123755863125,"success"
"control","observer","Retrosplenial area, lateral agranular part, layer 2/3",-0.000436776418205925,0.00032907097716798,-1.32730155045841,0.197434567500537,0.894224629828042,"success"
"control","observer","Retrosplenial area, lateral agranular part, layer 5",-0.000208689056667777,0.000180898688371592,-1.15362393473578,0.260502059605298,0.908705451293369,"success"
"control","observer","Retrosplenial area, lateral agranular part, layer 6a",-3.17050563775827e-05,6.16248084514247e-05,-0.514485272641034,0.611821396279855,0.952123755863125,"success"
"control","observer","Retrosplenial area, dorsal part, layer 1",-2.65486405153108e-06,6.34550274179485e-06,-0.418385139769105,0.679546394620024,0.952123755863125,"success"
"control","observer","Retrosplenial area, dorsal part, layer 2/3",-3.09403613715461e-05,0.000566251746618928,-0.0546406462431066,0.956896619208272,0.972435086282324,"success"
"control","observer","Retrosplenial area, dorsal part, layer 5",-0.000384938945259842,0.000446457278054896,-0.862207794969601,0.397474157040932,0.930722986286814,"success"
"control","observer","Retrosplenial area, dorsal part, layer 6a",-0.000314569671620867,0.0002996570327242,-1.0497656896656,0.304731748226893,0.913933058157426,"success"
"control","observer","Retrosplenial area, ventral part, layer 1",0.000124751837930939,0.000105258411461319,1.18519590215157,0.248041747877406,0.894224629828042,"success"
"control","observer","Retrosplenial area, ventral part, layer 2/3",4.18967902572971e-06,8.27336097555721e-06,0.506405925972249,0.617391836985668,0.952123755863125,"success"
"control","observer","Retrosplenial area, ventral part, layer 5",-0.000737798436464162,0.000679699018938266,-1.08547815416396,0.288956636601748,0.913933058157426,"success"
"control","observer","Retrosplenial area, ventral part, layer 6a",-8.44078686797172e-05,4.15690410235337e-05,-2.03054644998741,0.0540186837613997,0.836423235840408,"success"
"control","observer","Temporal association areas, layer 2/3",1.9067945047172e-05,7.18815157770096e-05,0.26526910070072,0.793165232481462,0.952123755863125,"success"
"control","observer","Temporal association areas, layer 5",3.26142459347001e-05,0.000118057055255735,0.276258338513114,0.784816876036464,0.952123755863125,"success"
"control","observer","Temporal association areas, layer 6a",0.000172081405445542,8.84309186678261e-05,1.94594162356193,0.0639811531481042,0.836423235840408,"success"
"control","observer","Perirhinal area, layer 1",5.01629039699264e-06,1.13477032504034e-05,0.442053364130255,0.662579309898646,0.952123755863125,"success"
"control","observer","Perirhinal area, layer 2/3",4.35555440097591e-06,4.9767164653379e-05,0.0875186366615761,0.931016798837499,0.970743282733295,"success"
"control","observer","Perirhinal area, layer 5",-1.41330002207172e-06,9.14124653363117e-07,-1.54606925529479,0.13573774970158,0.883790315519956,"success"
"control","observer","Ectorhinal area/Layer 1",-6.16544319502699e-06,9.3201847528028e-06,-0.661515126422027,0.514855158724686,0.939803704178707,"success"
"control","observer","Ectorhinal area/Layer 2/3",-0.000194780469611764,0.000188533555305582,-1.03313423064694,0.312282827572116,0.915244010368592,"success"
"control","observer","Ectorhinal area/Layer 6a",3.36273484787745e-05,8.91745895583741e-05,0.377095635038072,0.709559528460562,0.952123755863125,"success"
"control","observer","Olfactory areas",0.000588033835483629,0.00115804405513314,0.507781921488319,0.616441461247363,0.952123755863125,"success"
"control","observer","Main olfactory bulb",-0.00136249981022383,0.0100088263141539,-0.136129828559125,0.892903142098304,0.965412677999558,"success"
"control","observer","Accessory olfactory bulb, glomerular layer",-4.90968374615611e-05,3.86011721979513e-05,-1.27190016950228,0.216119156344768,0.894224629828042,"success"
"control","observer","Accessory olfactory bulb, granular layer",-1.19037250140354e-05,1.09173824976732e-05,-1.09034606203203,0.286852585800928,0.913933058157426,"success"
"control","observer","Accessory olfactory bulb, mitral layer",-1.2013261293672e-05,2.92695970476429e-05,-0.410434802847394,0.685285402023037,0.952123755863125,"success"
"control","observer","Anterior olfactory nucleus",-0.00123710000980909,0.00295935169720401,-0.418030750105808,0.679801795317617,0.952123755863125,"success"
"control","observer","Taenia tecta, dorsal part",-0.00155376835783385,0.000726067632524681,-2.13997744594548,0.0431913008816718,0.836423235840408,"success"
"control","observer","Taenia tecta, ventral part",-0.000800013986168139,0.000683378523800553,-1.17067475535949,0.253716456290312,0.895695974479435,"success"
"control","observer","Dorsal peduncular area",-0.000319282633003453,0.000120908430274836,-2.64069785934442,0.0146119677967325,0.836423235840408,"success"
"control","observer","Piriform area",0.00620660077890876,0.00775436027995469,0.800401394161818,0.431668636245688,0.937556221504805,"success"
"control","observer","Nucleus of the lateral olfactory tract, molecular layer",2.1209837672125e-05,0.000139330189599582,0.152227150003022,0.880335270624516,0.963632716669794,"success"
"control","observer","Nucleus of the lateral olfactory tract, pyramidal layer",0.00012115721390969,0.000243002704365827,0.498583808875209,0.622807384830692,0.952123755863125,"success"
"control","observer","Nucleus of the lateral olfactory tract, layer 3",1.69063167476972e-08,1.03821743637277e-06,0.0162839846022649,0.987148269534473,0.993544478624329,"success"
"control","observer","Cortical amygdalar area, anterior part",-0.00110575868237278,0.00132750237948967,-0.832961732842896,0.413432742835559,0.930722986286814,"success"
"control","observer","Cortical amygdalar area, posterior part, lateral zone",0.000598082639958681,0.00100564304622435,0.594726570430893,0.557832283082886,0.952123755863125,"success"
"control","observer","Cortical amygdalar area, posterior part, medial zone",0.000231217541264976,0.00189132973568349,0.12225131181656,0.903761896376329,0.970183270621129,"success"
"control","observer","Piriform-amygdalar area",0.00129932407087795,0.00168636950489094,0.770485986084037,0.448854253692439,0.937556221504805,"success"
"control","observer","Postpiriform transition area",0.00119153261679914,0.000988014492494458,1.20598698283348,0.240082461147228,0.894224629828042,"success"
"control","observer","Field CA1",0.00385783189883436,0.00473281472546502,0.815124217324037,0.423362011657048,0.937556221504805,"success"
"control","observer","Field CA3",-0.0026760163980392,0.00153102623932527,-1.74785795912847,0.0938277681526658,0.836423235840408,"success"
"control","observer","Dentate gyrus, molecular layer",-8.5812552038593e-05,0.000247766296801129,-0.346344733510994,0.732232085566369,0.952123755863125,"success"
"control","observer","Dentate gyrus, polymorph layer",-1.07659279108817e-05,1.36683511204942e-05,-0.787653742282008,0.438941639687705,0.937556221504805,"success"
"control","observer","Dentate gyrus, granule cell layer",-2.94101314331869e-05,6.02386737788469e-05,-0.488226741862872,0.630011547417097,0.952123755863125,"success"
"control","observer","Induseum griseum",2.38718950664664e-05,1.41066214782457e-05,1.69224750967338,0.10410417956812,0.836423235840408,"success"
"control","observer","Entorhinal area, lateral part, layer 2",-6.88798056938173e-06,0.000978769692804044,-0.00703738644547584,0.99444570921372,0.99444570921372,"success"
"control","observer","Entorhinal area, lateral part, layer 3",0.000158454312523175,0.0001900440100905,0.833776936446024,0.412982497201069,0.930722986286814,"success"
"control","observer","Entorhinal area, lateral part, layer 5",7.60500265823683e-05,0.000204832948466009,0.371278288731896,0.713828424080702,0.952123755863125,"success"
"control","observer","Entorhinal area, lateral part, layer 6a",0.000160357246109928,0.000141006875500142,1.13722997932655,0.267151602633458,0.908705451293369,"success"
"control","observer","Entorhinal area, medial part, dorsal zone, layer 2",2.35852009331028e-06,1.42428907036305e-06,1.65592795899858,0.111318250683918,0.837933724741975,"success"
"control","observer","Entorhinal area, medial part, dorsal zone, layer 3",-1.83110912531716e-06,3.16702558476841e-06,-0.578179454603636,0.568761451588582,0.952123755863125,"success"
"control","observer","Entorhinal area, medial part, dorsal zone, layer 5",-8.64875577562616e-06,9.95376713875911e-06,-0.868892717205393,0.393882719044458,0.930722986286814,"success"
"control","observer","Entorhinal area, medial part, dorsal zone, layer 6",-2.1310456321906e-05,3.92026537909069e-05,-0.543597288988863,0.591949170697139,0.952123755863125,"success"
"control","observer","Parasubiculum",-0.000441249312309623,0.00028188226417934,-1.56536741889121,0.131152947634139,0.879059377839889,"success"
"control","observer","Postsubiculum",-0.00101351047297167,0.000586459812942627,-1.72818401296121,0.0973598308218699,0.836423235840408,"success"
"control","observer","Presubiculum",-0.000198864724822863,0.000299684265552379,-0.663580800467835,0.513555723894978,0.939803704178707,"success"
"control","observer","Subiculum",4.7319925246908e-05,0.000312382772019663,0.15148058563207,0.880917462020027,0.963632716669794,"success"
"control","observer","Cortical subplate",-1.9362227778291e-06,1.94159622371889e-06,-0.997232459651421,0.329028352466421,0.919953373978337,"success"
"control","observer","Claustrum",-6.91325672091033e-05,9.41796826312394e-05,-0.734049693921691,0.470336024476022,0.939233456322683,"success"
"control","observer","Endopiriform nucleus, dorsal part",-0.000170823908501852,0.000692274697703303,-0.246757405793652,0.807285113775715,0.952123755863125,"success"
"control","observer","Endopiriform nucleus, ventral part",8.1377438232961e-05,9.62104849885548e-05,0.845827128328494,0.406363228206175,0.930722986286814,"success"
"control","observer","Lateral amygdalar nucleus",0.00045971572949951,0.000200779237972037,2.28965770635873,0.0315473478327289,0.836423235840408,"success"
"control","observer","Basolateral amygdalar nucleus, anterior part",0.000163959751973609,0.000264432217362519,0.620044537722994,0.541323551103771,0.948674852910318,"success"
"control","observer","Basolateral amygdalar nucleus, posterior part",-0.000224918810410356,0.000230274015781566,-0.97674420471179,0.338858106289434,0.919953373978337,"success"
"control","observer","Basolateral amygdalar nucleus, ventral part",-0.000152509493632606,0.000155467483590616,-0.980973577948947,0.336812658252077,0.919953373978337,"success"
"control","observer","Basomedial amygdalar nucleus, anterior part",0.000292768754876834,0.000468606718709568,0.624764313416269,0.538274984950755,0.948674852910318,"success"
"control","observer","Basomedial amygdalar nucleus, posterior part",0.000204937858313419,0.000319362920347719,0.641708367678644,0.527406750982623,0.941653432788899,"success"
"control","observer","Posterior amygdalar nucleus",0.000163309723387665,0.000564524982899608,0.289286972825978,0.77495339378951,0.952123755863125,"success"
"control","observer","Striatum",-0.000546275857248244,0.000536706993852599,-1.01782884051306,0.319347135402123,0.918615833934502,"success"
"control","observer","Caudoputamen",-0.0050905597760145,0.00299257189425522,-1.70106515595724,0.102413691179669,0.836423235840408,"success"
"control","observer","Nucleus accumbens",-0.000226567167187498,0.000798204241856661,-0.283846107683532,0.779067864935723,0.952123755863125,"success"
"control","observer","Olfactory tubercle",-0.00196846054895514,0.00419964240876258,-0.468720990350974,0.64368128868915,0.952123755863125,"success"
"control","observer","Lateral septal nucleus, caudal (caudodorsal) part",-0.000206595371504714,0.000149659664704815,-1.38043454735915,0.180722773596603,0.894224629828042,"success"
"control","observer","Lateral septal nucleus, rostral (rostroventral) part",-0.000657892353068689,0.000503771093900566,-1.30593509836939,0.204485888340957,0.894224629828042,"success"
"control","observer","Lateral septal nucleus, ventral part",0.000152439331890657,0.000281381174282585,0.541753840779574,0.593198123105866,0.952123755863125,"success"
"control","observer","Septofimbrial nucleus",4.6328325823039e-06,6.83271531998671e-06,0.678036822162366,0.504513169579253,0.939803704178707,"success"
"control","observer","Septohippocampal nucleus",-9.48612274743075e-07,1.64513745958938e-06,-0.576615813598849,0.569799836497975,0.952123755863125,"success"
"control","observer","Anterior amygdalar area",-0.000112331459969216,0.000224529518062493,-0.500297069795297,0.621619352318856,0.952123755863125,"success"
"control","observer","Bed nucleus of the accessory olfactory tract",-2.42908642576918e-05,1.23816066166695e-05,-1.9618507524693,0.0619925317152722,0.836423235840408,"success"
"control","observer","Central amygdalar nucleus, capsular part",-1.03672270062559e-05,2.73060030449445e-05,-0.379668419035619,0.707674649812698,0.952123755863125,"success"
"control","observer","Central amygdalar nucleus, lateral part",-1.86634493327606e-05,2.04937934195411e-05,-0.910687882457366,0.371905883046833,0.930722986286814,"success"
"control","observer","Central amygdalar nucleus, medial part",-6.0570777613567e-05,0.000201374320418006,-0.300786999493462,0.766279162778815,0.952123755863125,"success"
"control","observer","Intercalated amygdalar nucleus",-3.36567350734965e-05,5.28436629236465e-05,-0.636911470768537,0.530471421313177,0.94351023790817,"success"
"control","observer","Medial amygdalar nucleus",0.000482817047731804,0.00277418427772978,0.174039284847693,0.863357375870968,0.952123755863125,"success"
"control","observer","Pallidum",-1.275984715335e-05,3.35585938151108e-05,-0.380225918393652,0.707266464593562,0.952123755863125,"success"
"control","observer","Globus pallidus, external segment",8.75536287991628e-05,6.97500121418159e-05,1.25524893990195,0.221992688392145,0.894224629828042,"success"
"control","observer","Globus pallidus, internal segment",-3.66467368725561e-05,8.30870594817879e-05,-0.441064313758616,0.663284728088736,0.952123755863125,"success"
"control","observer","Substantia innominata",-2.45519377746842e-06,0.000234952408979475,-0.0104497493263962,0.991752571139177,0.994362458850252,"success"
"control","observer","Magnocellular nucleus",1.31162663155068e-05,5.42706212456286e-05,0.241682627072622,0.811167874212703,0.952123755863125,"success"
"control","observer","Medial septal nucleus",-6.5984806195519e-05,7.16226510291147e-05,-0.921284052564546,0.366465359335799,0.930722986286814,"success"
"control","observer","Diagonal band nucleus",-0.000436188823646171,0.000565608850068948,-0.771184580285474,0.448448259570998,0.937556221504805,"success"
"control","observer","Triangular nucleus of septum",-0.000216544578291825,0.000112644242615971,-1.92237590899406,0.0670299850269361,0.836423235840408,"success"
"control","observer","Bed nuclei of the stria terminalis",-0.000352878397312394,0.000832341719653294,-0.423958560504913,0.675534930002963,0.952123755863125,"success"
"control","observer","Thalamus",3.91688451444315e-06,6.71341351945086e-06,0.583441568599149,0.565274077916377,0.952123755863125,"success"
"control","observer","Ventral anterior-lateral complex of the thalamus",3.09727848985262e-06,1.0612491033355e-05,0.291852165539448,0.77301587977068,0.952123755863125,"success"
"control","observer","Ventral medial nucleus of the thalamus",-2.91355400676331e-05,0.000129544791940909,-0.224907073693268,0.824037768779445,0.952123755863125,"success"
"control","observer","Ventral posterolateral nucleus of the thalamus",-2.93740725366584e-06,1.23947292884691e-05,-0.236988415422557,0.814763877206303,0.952123755863125,"success"
"control","observer","Ventral posterolateral nucleus of the thalamus, parvicellular part",5.62464336668919e-07,1.46333895445519e-06,0.384370507568649,0.704234733959781,0.952123755863125,"success"
"control","observer","Ventral posteromedial nucleus of the thalamus",8.39299609153757e-07,2.94445758758969e-05,0.028504387792551,0.977505760883737,0.985969014224721,"success"
"control","observer","Ventral posteromedial nucleus of the thalamus, parvicellular part",1.27159574460597e-05,5.73120151351356e-05,0.221872454075761,0.826371387287077,0.952123755863125,"success"
"control","observer","Subparafascicular nucleus, magnocellular part",-3.82160563249604e-06,1.9850507477782e-05,-0.192519291346755,0.849025236211866,0.952123755863125,"success"
"control","observer","Subparafascicular nucleus, parvicellular part",-1.43449740186007e-05,3.07057325715177e-05,-0.467175762219298,0.644769794814816,0.952123755863125,"success"
"control","observer","Subparafascicular area",3.26742297483514e-06,1.91635382146593e-05,0.170502072124431,0.866106293530556,0.952123755863125,"success"
"control","observer","Peripeduncular nucleus",5.97737461462732e-07,1.07176616136058e-06,0.557712571092856,0.582428869751425,0.952123755863125,"success"
"control","observer","Medial geniculate complex, dorsal part",-1.63746388960396e-06,5.5050095836768e-06,-0.29744978000752,0.768793199339371,0.952123755863125,"success"
"control","observer","Medial geniculate complex, ventral part",1.25530159339657e-05,6.69409263552721e-05,0.187523785783061,0.852894467292417,0.952123755863125,"success"
"control","observer","Medial geniculate complex, medial part",-4.37808620832146e-06,1.36487822610406e-05,-0.32076753255991,0.751282912649712,0.952123755863125,"success"
"control","observer","Lateral posterior nucleus of the thalamus",-6.93384080109162e-06,9.25523292711861e-05,-0.0749180583102872,0.940927719496043,0.97093441762268,"success"
"control","observer","Posterior complex of the thalamus",-8.36536319641012e-06,2.15066788521002e-05,-0.388965830286401,0.700879146782748,0.952123755863125,"success"
"control","observer","Suprageniculate nucleus",-2.49044695715608e-05,3.19525540286019e-05,-0.779420310165751,0.443678779171593,0.937556221504805,"success"
"control","observer","Anteroventral nucleus of thalamus",-3.56778415281776e-05,3.03222600821768e-05,-1.17662210638279,0.251380743578269,0.894224629828042,"success"
"control","observer","Anteromedial nucleus, dorsal part",-2.0545382954567e-06,2.89768032509893e-06,-0.70902862460736,0.485432342403172,0.939233456322683,"success"
"control","observer","Anteromedial nucleus, ventral part",-8.24995705078625e-06,6.40321893016976e-06,-1.28840777439536,0.210414767061886,0.894224629828042,"success"
"control","observer","Anterodorsal nucleus",-6.3645961182055e-06,1.18612009560424e-05,-0.536589519205743,0.596703833729499,0.952123755863125,"success"
"control","observer","Interanteromedial nucleus of the thalamus",6.72101846075606e-06,4.23714677288466e-06,1.58621327535,0.126345042712706,0.879059377839889,"success"
"control","observer","Interanterodorsal nucleus of the thalamus",-1.58940329826291e-07,2.15207331266993e-06,-0.0738545145700008,0.941764714088952,0.97093441762268,"success"
"control","observer","Lateral dorsal nucleus of thalamus",-7.55931821700815e-06,4.42929987568096e-05,-0.1706662097663,0.865978696718233,0.952123755863125,"success"
"control","observer","Intermediodorsal nucleus of the thalamus",-6.95164097648544e-07,7.21002647613301e-06,-0.0964163030399001,0.92402515245674,0.970183270621129,"success"
"control","observer","Mediodorsal nucleus of thalamus",-8.4899485688185e-06,8.84703845778368e-05,-0.0959637353147141,0.924380626943736,0.970183270621129,"success"
"control","observer","Submedial nucleus of the thalamus",-1.41169824579381e-05,4.40992356371e-05,-0.320118529357495,0.75176848351816,0.952123755863125,"success"
"control","observer","Perireunensis nucleus",2.8338868867727e-05,1.24424655455835e-05,2.27759271375166,0.0323672088592948,0.836423235840408,"success"
"control","observer","Paraventricular nucleus of the thalamus",-4.22036375088039e-05,0.000181139588617781,-0.232989584611772,0.817830472904118,0.952123755863125,"success"
"control","observer","Parataenial nucleus",-0.000139129574426932,7.31624236818428e-05,-1.9016534366324,0.0698155534458147,0.836423235840408,"success"
"control","observer","Nucleus of reuniens",2.3379159904497e-05,8.9536018215478e-05,0.261114581265302,0.796328014559928,0.952123755863125,"success"
"control","observer","Rhomboid nucleus",-1.00853805960474e-05,4.99506970558184e-06,-2.01906703819915,0.055284234734529,0.836423235840408,"success"
"control","observer","Central medial nucleus of the thalamus",7.96628536296988e-06,2.24724983672666e-05,0.354490419034741,0.726200962745312,0.952123755863125,"success"
"control","observer","Paracentral nucleus",1.05048481817373e-06,1.78114820922725e-06,0.58977956619875,0.561088279533727,0.952123755863125,"success"
"control","observer","Central lateral nucleus of the thalamus",5.7966341352809e-06,8.08680894032162e-06,0.71680117312755,0.480713072113994,0.939233456322683,"success"
"control","observer","Parafascicular nucleus",-6.18500145271839e-06,1.50931448050229e-05,-0.409788783756986,0.685752593249901,0.952123755863125,"success"
"control","observer","Reticular nucleus of the thalamus",-2.46384327192868e-06,1.05165545337158e-05,-0.234282365391598,0.816838746306818,0.952123755863125,"success"
"control","observer","Ventral part of the lateral geniculate complex",-0.000164105729883734,9.44704414532696e-05,-1.7371119194453,0.0957431942059984,0.836423235840408,"success"
"control","observer","Medial habenula",-9.13712730944115e-05,0.000416791049657595,-0.219225612376934,0.828408142087627,0.952123755863125,"success"
"control","observer","Lateral habenula",-2.25494410669127e-05,5.36070391921097e-05,-0.420643285037681,0.677919921991113,0.952123755863125,"success"
"control","observer","Hypothalamus",0.000725239677641338,0.000437740176933466,1.6567811589101,0.111144072965724,0.837933724741975,"success"
"control","observer","Paraventricular hypothalamic nucleus",0.000619198304401442,0.000211581866807928,2.92651876903773,0.00758870484431893,0.836423235840408,"success"
"control","observer","Arcuate hypothalamic nucleus",0.000230274342264755,0.00127464217939772,0.180658027787502,0.858218433395083,0.952123755863125,"success"
"control","observer","Anterodorsal preoptic nucleus",1.93754641814948e-05,5.97167943413145e-05,0.324455865309067,0.74852537735474,0.952123755863125,"success"
"control","observer","Anteroventral preoptic nucleus",-4.04879336079666e-06,7.57361798004302e-05,-0.053459170656158,0.957827692282375,0.972435086282324,"success"
"control","observer","Anteroventral periventricular nucleus",-0.000102104020928221,0.000371248739808269,-0.275028599372357,0.785749800028814,0.952123755863125,"success"
"control","observer","Dorsomedial nucleus of the hypothalamus",0.000720777386024042,0.000594370703856663,1.21267313706273,0.237564052602373,0.894224629828042,"success"
"control","observer","Median preoptic nucleus",-6.19743935984636e-07,1.87980045786172e-06,-0.329686022467298,0.74462099763996,0.952123755863125,"success"
"control","observer","Medial preoptic area",-0.000119797659063387,0.000270440741186464,-0.442971937356099,0.661924443706846,0.952123755863125,"success"
"control","observer","Posterodorsal preoptic nucleus",-2.89873526496852e-06,1.56551261380884e-06,-1.85162051036816,0.0769618670474025,0.836423235840408,"success"
"control","observer","Parastrial nucleus",7.49865914096743e-05,4.35493876477533e-05,1.72187476012749,0.0985162674045229,0.836423235840408,"success"
"control","observer","Periventricular hypothalamic nucleus, posterior part",-9.00442190658062e-05,0.000473274869301655,-0.190257765426404,0.850776409791542,0.952123755863125,"success"
"control","observer","Periventricular hypothalamic nucleus, preoptic part",2.76858656509769e-05,3.80289385815621e-05,0.728020993580926,0.473947943741638,0.939233456322683,"success"
"control","observer","Subparaventricular zone",-2.93536932745685e-06,1.03163880332057e-05,-0.284534598544441,0.778546849059463,0.952123755863125,"success"
"control","observer","Suprachiasmatic nucleus",7.37264987515876e-05,0.000141052387399297,0.522688769122919,0.60618974718877,0.952123755863125,"success"
"control","observer","Ventrolateral preoptic nucleus",-0.000171663837246797,0.0001248995985121,-1.37441464417651,0.182558121475937,0.894224629828042,"success"
"control","observer","Anterior hypothalamic nucleus",0.000680119211777691,0.000960563014860201,0.708042264022287,0.486033139519923,0.939233456322683,"success"
"control","observer","Lateral mammillary nucleus",4.83571414734394e-05,0.000101141611255152,0.478113220397959,0.637082709604621,0.952123755863125,"success"
"control","observer","Medial mammillary nucleus, median part",7.19929217996179e-05,8.31170835395568e-05,0.86616275179284,0.39534684110781,0.930722986286814,"success"
"control","observer","Supramammillary nucleus",0.000148118405262282,0.000328008040429183,0.451569434299465,0.655808567980268,0.952123755863125,"success"
"control","observer","Tuberomammillary nucleus, dorsal part",3.66163029560079e-05,1.51281503857973e-05,2.42040844533013,0.0238049483453395,0.836423235840408,"success"
"control","observer","Tuberomammillary nucleus, ventral part",0.000102301836846944,0.000225105297786814,0.454462146616508,0.653756314101491,0.952123755863125,"success"
"control","observer","Medial preoptic nucleus",0.000182721833855665,0.000663404773323044,0.275430387605439,0.785444952972302,0.952123755863125,"success"
"control","observer","Dorsal premammillary nucleus",0.000297125363514407,0.000132376299077349,2.24455106832072,0.0347130354215288,0.836423235840408,"success"
"control","observer","Ventral premammillary nucleus",0.000311530056070694,0.000729220656073869,0.42720958803879,0.67319952563652,0.952123755863125,"success"
"control","observer","Paraventricular hypothalamic nucleus, descending division",9.501744379788e-06,4.75824267020313e-05,0.19969020157987,0.843477859467764,0.952123755863125,"success"
"control","observer","Ventromedial hypothalamic nucleus",0.000460774642801059,0.00209186664356702,0.220269606677868,0.827604636686027,0.952123755863125,"success"
"control","observer","Posterior hypothalamic nucleus",0.000281200167584168,0.000921470221883584,0.305164682380473,0.76298529027263,0.952123755863125,"success"
"control","observer","Lateral hypothalamic area",-0.000246760631424028,0.00189098848583023,-0.130492931751347,0.897311076196392,0.96569737068711,"success"
"control","observer","Lateral preoptic area",0.000237050630888593,0.000201126113170694,1.17861687451499,0.250600927333227,0.894224629828042,"success"
"control","observer","Parasubthalamic nucleus",2.00072950299134e-05,0.000115972271721407,0.172517919438327,0.864539479255435,0.952123755863125,"success"
"control","observer","Retrochiasmatic area",0.000107620422993866,0.000379907887324318,0.283280307107688,0.779496114138866,0.952123755863125,"success"
"control","observer","Subthalamic nucleus",-2.78934742925221e-05,3.19957970619481e-05,-0.871785573540071,0.392335060627922,0.930722986286814,"success"
"control","observer","Tuberal nucleus",0.00103618180606857,0.00128464706052626,0.806588702771087,0.428165544186492,0.937556221504805,"success"
"control","observer","Zona incerta",-0.000177087356563081,0.000250943143673493,-0.705687168697834,0.487469372807211,0.939233456322683,"success"
"control","observer","Fields of Forel",-0.000109165068282685,7.75948279635879e-05,-1.40686011101038,0.172838465876981,0.894224629828042,"success"
"control","observer","Median eminence",-3.66670641362144e-06,2.25353041378698e-06,-1.62709426559709,0.117340872018203,0.854388224382543,"success"
"control","observer","Midbrain",-0.000199504550246261,0.000642970155626706,-0.310285863971094,0.759137795996933,0.952123755863125,"success"
"control","observer","Superior colliculus, optic layer",-1.48086810343278e-06,2.23155447281988e-06,-0.663603833771305,0.513541244812197,0.939803704178707,"success"
"control","observer","Superior colliculus, superficial gray layer",-0.000100273647527761,0.000161798609774168,-0.619743566818765,0.541518263678422,0.948674852910318,"success"
"control","observer","Inferior colliculus, central nucleus",0.000105987277780641,0.000260287297842932,0.407193430716694,0.68763080309898,0.952123755863125,"success"
"control","observer","Inferior colliculus, dorsal nucleus",0.000220145990044466,0.000210442997542645,1.0461074619499,0.306381493032859,0.913933058157426,"success"
"control","observer","Inferior colliculus, external nucleus",8.59445392632631e-05,0.000252713520168274,0.340086827194822,0.736877516829585,0.952123755863125,"success"
"control","observer","Nucleus of the brachium of the inferior colliculus",-1.42861915083631e-06,1.85277716264331e-05,-0.0771069063048106,0.939205345635113,0.97093441762268,"success"
"control","observer","Nucleus sagulum",-1.14375981312394e-06,1.06565601254386e-05,-0.107329175612085,0.915458585787216,0.970183270621129,"success"
"control","observer","Parabigeminal nucleus",-1.62322994105259e-08,1.64852790436514e-06,-0.00984654209828317,0.99222863383126,0.994362458850252,"success"
"control","observer","Substantia nigra, reticular part",0.000101448472583989,0.000533874456944447,0.190023087383905,0.850958173804757,0.952123755863125,"success"
"control","observer","Ventral tegmental area",0.000264716997356502,0.00015993888379743,1.65511344753274,0.111484744493567,0.837933724741975,"success"
"control","observer","Midbrain reticular nucleus, retrorubral area",1.30681868677881e-06,2.78981877733328e-05,0.0468424220740232,0.963043179676017,0.9756046124544,"success"
"control","observer","Midbrain reticular nucleus",-0.0002784439460336,0.000472549736226792,-0.589237332469838,0.561445760061428,0.952123755863125,"success"
"control","observer","Superior colliculus, motor related, deep gray layer",0.000208338541099086,0.000119788709233113,1.7392168463361,0.0953653948496248,0.836423235840408,"success"
"control","observer","Superior colliculus, motor related, intermediate white layer",-0.000382159011947924,0.000340082781501249,-1.12372349538232,0.272722798238487,0.913933058157426,"success"
"control","observer","Superior colliculus, motor related, intermediate gray layer",-0.00048909199532566,0.000629373510437649,-0.777109279647883,0.445014017820551,0.937556221504805,"success"
"control","observer","Periaqueductal gray",0.00390544537618327,0.00172228640916877,2.26759344751967,0.0330613874231491,0.836423235840408,"success"
"control","observer","Precommissural nucleus",2.49514831548992e-05,7.72387463348792e-05,0.323043606206639,0.749580832154564,0.952123755863125,"success"
"control","observer","Interstitial nucleus of Cajal",-1.47035487383025e-07,1.31079346730196e-06,-0.112172886919914,0.911659578220928,0.970183270621129,"success"
"control","observer","Nucleus of Darkschewitsch",-2.65360256335044e-06,3.05847364377949e-06,-0.867623158612956,0.394563166853719,0.930722986286814,"success"
"control","observer","Anterior pretectal nucleus",-0.000138392255627634,0.000115329456580417,-1.19997318751897,0.24236470877483,0.894224629828042,"success"
"control","observer","Medial pretectal area",1.94251273242148e-05,3.24334712057337e-05,0.598922243043192,0.555078496401731,0.952123755863125,"success"
"control","observer","Nucleus of the optic tract",-8.25142330105452e-05,9.27718269243247e-05,-0.889432015582201,0.382979678348159,0.930722986286814,"success"
"control","observer","Nucleus of the posterior commissure",2.37800180139472e-06,8.10868953884353e-05,0.0293265858805328,0.976857114569613,0.985969014224721,"success"
"control","observer","Olivary pretectal nucleus",-1.91710617264227e-06,1.6410867678924e-05,-0.116819305971515,0.908017331633344,0.970183270621129,"success"
"control","observer","Posterior pretectal nucleus",-4.8389762441914e-06,7.6791700949695e-06,-0.630143125408999,0.534811969248492,0.947613603307214,"success"
"control","observer","Cuneiform nucleus",0.000354487922189302,0.00012499605739749,2.83599282705392,0.00936123547982866,0.836423235840408,"success"
"control","observer","Red nucleus",4.24053296627789e-05,5.64663585701889e-05,0.750983961717102,0.460277510787645,0.939233456322683,"success"
"control","observer","Oculomotor nucleus",6.44976119759166e-07,6.72434088461941e-07,0.959166304662544,0.347450201330874,0.919953373978337,"success"
"control","observer","Anterior tegmental nucleus",-1.49463766608136e-06,1.22678063591136e-06,-1.21834142333932,0.2354446604175,0.894224629828042,"success"
"control","observer","Lateral terminal nucleus of the accessory optic tract",1.76676003709783e-07,1.7895185587596e-06,0.0987282321521413,0.922209475370021,0.970183270621129,"success"
"control","observer","Substantia nigra, compact part",-1.30597248017833e-06,2.53783002045857e-06,-0.514602029943026,0.61174107008436,0.952123755863125,"success"
"control","observer","Pedunculopontine nucleus",5.24446624162065e-05,0.000152934064021609,0.342923355576272,0.734770593710209,0.952123755863125,"success"
"control","observer","Interfascicular nucleus raphe",5.41584336438319e-05,6.18892745132525e-05,0.875085934837301,0.390574198540919,0.930722986286814,"success"
"control","observer","Rostral linear nucleus raphe",1.79327196643513e-06,6.46661630867543e-06,0.277312257421138,0.784017597751185,0.952123755863125,"success"
"control","observer","Central linear nucleus raphe",-1.61559980812944e-05,2.15140945225935e-05,-0.750949479390258,0.460297861246893,0.939233456322683,"success"
"control","observer","Dorsal nucleus raphe",-1.17976943085296e-05,1.68737612983043e-05,-0.699173948236139,0.491454094586469,0.939233456322683,"success"
"control","observer","Pons",0.000349479215621919,0.000366590444584924,0.953323308842981,0.350338724050458,0.922360708517026,"success"
"control","observer","Nucleus of the lateral lemniscus",-0.000393994263485856,0.000290392956964209,-1.35676246285276,0.188024908612494,0.894224629828042,"success"
"control","observer","Principal sensory nucleus of the trigeminal",-6.08246686448469e-05,0.000314865541553431,-0.193176644051808,0.84851637504995,0.952123755863125,"success"
"control","observer","Parabrachial nucleus",-0.000456939098495496,0.000254015351212399,-1.79886410925385,0.0851772186064218,0.836423235840408,"success"
"control","observer","Koelliker-Fuse subnucleus",-3.47296676595568e-05,3.35010426732701e-05,-1.03667423125511,0.310664661959937,0.915244010368592,"success"
"control","observer","Superior olivary complex, periolivary region",0.000614444843933951,0.000597452738763837,1.02844091936924,0.314437297588657,0.915798629226963,"success"
"control","observer","Superior olivary complex, medial part",3.8481233596611e-05,0.000133351189681166,0.288570605846239,0.775494740100655,0.952123755863125,"success"
"control","observer","Superior olivary complex, lateral part",5.5517104770948e-05,0.000326110804748523,0.170240004202741,0.866310026793917,0.952123755863125,"success"
"control","observer","Barrington's nucleus",-5.04436235715071e-06,4.21531725273289e-06,-1.19667442678966,0.243623485727198,0.894224629828042,"success"
"control","observer","Dorsal tegmental nucleus",-4.35166727244674e-05,5.47958338786538e-05,-0.794160242562159,0.435220100279208,0.937556221504805,"success"
"control","observer","Pontine central gray",-3.42955873952706e-05,0.000237015546635068,-0.144697627991785,0.886210102670877,0.964892308048197,"success"
"control","observer","Pontine gray",0.0005260178864086,0.0035793936481604,0.146957260953665,0.884446330694643,0.964892308048197,"success"
"control","observer","Pontine reticular nucleus, caudal part",0.00058468941607126,0.000383939270639664,1.52286952855105,0.14142327363365,0.883790315519956,"success"
"control","observer","Supragenual nucleus",-2.65270046281741e-06,3.09957481057947e-06,-0.855827210159023,0.400921665546562,0.930722986286814,"success"
"control","observer","Supratrigeminal nucleus",-2.65659008542731e-05,2.12414374531975e-05,-1.25066398697392,0.223631199790968,0.894224629828042,"success"
"control","observer","Tegmental reticular nucleus",-0.00075997919129248,0.000494502139910868,-1.53685723469157,0.137972410494892,0.883790315519956,"success"
"control","observer","Motor nucleus of trigeminal",8.61543505917442e-05,4.43461868759769e-05,1.94276795054989,0.0643845108952582,0.836423235840408,"success"
"control","observer","Superior central nucleus raphe",2.27541114465853e-05,0.000131897726786475,0.17251329496695,0.864543072971544,0.952123755863125,"success"
"control","observer","Laterodorsal tegmental nucleus",-3.33268082661837e-05,0.000167769761229888,-0.198646097019339,0.844285065446087,0.952123755863125,"success"
"control","observer","Nucleus incertus",-3.93271513945656e-05,6.05334177677669e-05,-0.649676704947374,0.522337251893315,0.939803704178707,"success"
"control","observer","Pontine reticular nucleus",-4.96953658191664e-05,0.000560218983663704,-0.0887070364773612,0.930082631677454,0.970743282733295,"success"
"control","observer","Nucleus raphe pontis",-5.06198423892223e-06,6.91449081747477e-06,-0.732083442229649,0.471512262404593,0.939233456322683,"success"
"control","observer","Subceruleus nucleus",-1.9482481073876e-06,1.33494385135147e-06,-1.45942325994852,0.157972693373362,0.894224629828042,"success"
"control","observer","Sublaterodorsal nucleus",-1.45457850561607e-05,8.59008376513614e-06,-1.69332284222844,0.10389676325203,0.836423235840408,"success"
"control","observer","Medulla",0.00169505062405447,0.000779488893858693,2.17456674162923,0.040199738944973,0.836423235840408,"success"
"control","observer","Area postrema",0.000126583563677594,0.000118164557358385,1.07124815179288,0.295170751687002,0.913933058157426,"success"
"control","observer","Dorsal cochlear nucleus",0.000127437913973779,0.000394557088698287,0.322989796975183,0.749621056503057,0.952123755863125,"success"
"control","observer","Ventral cochlear nucleus",-0.000129405760301038,0.000667951109708285,-0.193735377365498,0.848083908738372,0.952123755863125,"success"
"control","observer","Cuneate nucleus",0.000383171498301554,0.000390684025779572,0.980770835298352,0.336910516932079,0.919953373978337,"success"
"control","observer","Gracile nucleus",1.16960434890655e-05,4.10368012906387e-05,0.285013527400188,0.778184481928475,0.952123755863125,"success"
"control","observer","External cuneate nucleus",0.000887016435314948,0.000611399590235601,1.45079658128842,0.16033924178946,0.894224629828042,"success"
"control","observer","Nucleus of the trapezoid body",-3.88640161475587e-06,7.14884173026163e-05,-0.0543640740891551,0.95711456895299,0.972435086282324,"success"
"control","observer","Nucleus of the solitary tract",0.00079608867765651,0.000550606483474061,1.44583963602022,0.161711949348642,0.894224629828042,"success"
"control","observer","Spinal nucleus of the trigeminal, caudal part",9.45334267030652e-05,0.000225005824587209,0.420137686997633,0.678283950033084,0.952123755863125,"success"
"control","observer","Spinal nucleus of the trigeminal, interpolar part",0.000116183804963406,0.000178206890123636,0.651960229387319,0.520889397993354,0.939803704178707,"success"
"control","observer","Spinal nucleus of the trigeminal, oral part",3.28107018082104e-05,0.00015526121219745,0.211325812441063,0.834494332926707,0.952123755863125,"success"
"control","observer","Facial motor nucleus",0.000286323386544489,0.000829746573079457,0.345073298081667,0.733175070382333,0.952123755863125,"success"
"control","observer","Dorsal motor nucleus of the vagus nerve",8.16434459338749e-06,2.31999846982709e-05,0.351911636993278,0.728108375760523,0.952123755863125,"success"
"control","observer","Gigantocellular reticular nucleus",0.00019226926290998,0.000293251275431493,0.65564680878906,0.518556605022988,0.939803704178707,"success"
"control","observer","Infracerebellar nucleus",2.87002901534522e-07,2.16312048691855e-06,0.132680034824768,0.895600398423769,0.96569737068711,"success"
"control","observer","Inferior olivary complex",7.08998655530888e-05,7.24675056061136e-05,0.978367683006153,0.338071941767442,0.919953373978337,"success"
"control","observer","Intermediate reticular nucleus",1.94000664421069e-05,0.000239582534280542,0.080974460431202,0.936162767988971,0.97093441762268,"success"
"control","observer","Linear nucleus of the medulla",-7.23700017658281e-07,6.94047726565844e-07,-1.0427237061047,0.307913068950034,0.913933058157426,"success"
"control","observer","Lateral reticular nucleus, magnocellular part",0.000675696869234583,0.000536049185412005,1.26051281789608,0.220122873890617,0.894224629828042,"success"
"control","observer","Lateral reticular nucleus, parvicellular part",1.07971120200345e-05,3.28909785093206e-05,0.328269711312324,0.745677606513535,0.952123755863125,"success"
"control","observer","Magnocellular reticular nucleus",0.000152714472225105,0.00013547333323123,1.12726592446388,0.271253468251572,0.913933058157426,"success"
"control","observer","Medullary reticular nucleus, dorsal part",9.41967473917113e-05,0.000109272986072005,0.862031420369908,0.397569197602615,0.930722986286814,"success"
"control","observer","Medullary reticular nucleus, ventral part",-1.31102642122627e-05,2.63091895460906e-05,-0.498315016100936,0.622993869926237,0.952123755863125,"success"
"control","observer","Parvicellular reticular nucleus",0.000120741811943369,0.000302530628793993,0.399106075390429,0.693496621746807,0.952123755863125,"success"
"control","observer","Paragigantocellular reticular nucleus, dorsal part",-1.96520758358246e-06,1.90435735625389e-05,-0.103195315581329,0.918702477702966,0.970183270621129,"success"
"control","observer","Paragigantocellular reticular nucleus, lateral part",0.000720954417935447,0.000422359352929858,1.70696922640465,0.101294843083691,0.836423235840408,"success"
"control","observer","Nucleus prepositus",0.000314357166758178,0.000275249689297885,1.14208000583052,0.265171542188245,0.908705451293369,"success"
"control","observer","Parapyramidal nucleus",2.65771615874579e-05,5.70935132486103e-05,0.465502297462923,0.645949551182893,0.952123755863125,"success"
"control","observer","Lateral vestibular nucleus",-1.44298598210563e-05,1.36846998244255e-05,-1.05445205274439,0.302627546135158,0.913933058157426,"success"
"control","observer","Medial vestibular nucleus",-0.00123739687756788,0.00152957306392283,-0.808981870009125,0.42681533944204,0.937556221504805,"success"
"control","observer","Spinal vestibular nucleus",-0.000323334033116414,0.00102737344264499,-0.314719088206119,0.755812279996095,0.952123755863125,"success"
"control","observer","Superior vestibular nucleus",-3.39012894892567e-05,7.95018774479029e-05,-0.426421244095424,0.673765532062133,0.952123755863125,"success"
"control","observer","Nucleus x",3.35753000377397e-05,2.46533281353887e-05,1.36189726001107,0.186421559566807,0.894224629828042,"success"
"control","observer","Hypoglossal nucleus",-7.48784335886145e-06,4.36393738239347e-05,-0.17158457380877,0.865264850543335,0.952123755863125,"success"
"control","observer","Nucleus y",-4.53588828168675e-06,1.13605056374563e-05,-0.3992681687276,0.693378860153146,0.952123755863125,"success"
"control","observer","Cerebellum",-3.96907500543268e-06,1.09847610680201e-05,-0.361325565558986,0.721154082412955,0.952123755863125,"success"
"control","observer","Lingula (I)",-7.51344149489713e-05,3.42786478936864e-05,-2.19187218766612,0.0387744259963902,0.836423235840408,"success"
"control","observer","Lingula (I), molecular layer",-0.00152068445278489,0.00173538588057676,-0.876280295814947,0.389938227323183,0.930722986286814,"success"
"control","observer","Lingula (I), Purkinje layer",-4.14441636573138e-05,4.75708766074097e-05,-0.871208743941003,0.392643346311333,0.930722986286814,"success"
"control","observer","Lingula (I), granular layer",-0.000196216703939628,0.000112174627016733,-1.74920754503921,0.0935895420919589,0.836423235840408,"success"
"control","observer","Lobule II",0.000187255594220874,0.000591886799855525,0.316370620643308,0.754574636319602,0.952123755863125,"success"
"control","observer","Lobule II, molecular layer",2.46684951086293e-05,0.000229942833943206,0.107280991042853,0.915496388290634,0.970183270621129,"success"
"control","observer","Lobule II, Purkinje layer",-2.30322993398429e-05,0.000345734699401356,-0.0666184197875529,0.947461193600399,0.972435086282324,"success"
"control","observer","Lobule II, granular layer",-0.000701459782439546,0.000633207691399503,-1.10778784270481,0.279404380137122,0.913933058157426,"success"
"control","observer","Lobule III, molecular layer",-0.000305021019174935,0.000849098622491758,-0.359229200348745,0.722700616068184,0.952123755863125,"success"
"control","observer","Lobule III, Purkinje layer",-7.94107091475832e-05,6.1314892969421e-05,-1.29512921415662,0.208125639713866,0.894224629828042,"success"
"control","observer","Lobule III, granular layer",0.000141903429354051,8.37219640972186e-05,1.69493669772572,0.103586130443103,0.836423235840408,"success"
"control","observer","Lobule IV, Purkinje layer",-3.22417726212779e-05,4.82753372431621e-05,-0.667872550716252,0.51086178141835,0.939803704178707,"success"
"control","observer","Lobule IV, granular layer",-9.90687985571444e-06,2.03714880689549e-05,-0.48631105504816,0.631348210923882,0.952123755863125,"success"
"control","observer","Lobule V, molecular layer",-4.51665479721765e-05,8.5221907199324e-05,-0.529987528518193,0.601200073589909,0.952123755863125,"success"
"control","observer","Lobule V, Purkinje layer",-1.21042043507084e-05,3.03385272677551e-05,-0.398971388554288,0.693594478390605,0.952123755863125,"success"
"control","observer","Lobules IV-V",-0.000318098284345616,0.000523554310168015,-0.607574568994636,0.549422084372015,0.952123755863125,"success"
"control","observer","Lobules IV-V, molecular layer",-0.000359355770641464,0.000372146072236445,-0.965630964427174,0.34427322854867,0.919953373978337,"success"
"control","observer","Lobules IV-V, Purkinje layer",9.37944074809437e-05,0.000110755597479065,0.84685929755083,0.40579940446632,0.930722986286814,"success"
"control","observer","Lobules IV-V, granular layer",-1.35681944110605e-05,1.60872519526245e-05,-0.84341281227009,0.407683997365999,0.930722986286814,"success"
"control","observer","Declive (VI)",1.30834224101244e-06,1.54500064598316e-05,0.0846823102899011,0.933246761082653,0.970743282733295,"success"
"control","observer","Declive (VI), molecular layer",0.000554691082404521,0.000841000394145907,0.659561025494937,0.516086082075003,0.939803704178707,"success"
"control","observer","Declive (VI), Purkinje layer",-1.68861255565574e-05,1.95325012947249e-05,-0.864514242275656,0.39623265817309,0.930722986286814,"success"
"control","observer","Declive (VI), granular layer",2.36318416162493e-05,5.41461276438431e-05,0.436445645230485,0.666583097930896,0.952123755863125,"success"
"control","observer","Folium-tuber vermis (VII)",7.9569571857363e-05,8.21919499486824e-05,0.968094465541252,0.343067790218453,0.919953373978337,"success"
"control","observer","Folium-tuber vermis (VII), molecular layer",-1.95109918996132e-06,2.37387981966432e-06,-0.821903103012692,0.419571116533317,0.935503063658017,"success"
"control","observer","Folium-tuber vermis (VII), Purkinje layer",-0.000265996837947445,0.000604377649694131,-0.440116933645814,0.663960724541716,0.952123755863125,"success"
"control","observer","Folium-tuber vermis (VII), granular layer",4.07501391537005e-05,9.55381329329439e-05,0.426532714244082,0.673685487996901,0.952123755863125,"success"
"control","observer","Pyramus (VIII)",-1.04671469671364e-05,1.38134661165032e-05,-0.75774949450458,0.456295086709117,0.939233456322683,"success"
"control","observer","Uvula (IX)",0.00250400761514462,0.00202784298051818,1.23481336533501,0.229366751446253,0.894224629828042,"success"
"control","observer","Nodulus (X)",0.00240616795346117,0.00330965445031021,0.727014855957437,0.474552321113728,0.939233456322683,"success"
"control","observer","Simple lobule",-0.000117345131223478,0.000136699041902546,-0.858419558691092,0.399518683656214,0.930722986286814,"success"
"control","observer","Crus 1",0.000112987177059725,7.12338612243208e-05,1.58614421733955,0.12636072558045,0.879059377839889,"success"
"control","observer","Crus 2",0.000189151504699431,0.000191175482966759,0.989412982062768,0.332756464256929,0.919953373978337,"success"
"control","observer","Paramedian lobule",0.000899958819861785,0.000688575968868248,1.30698551873799,0.204134722705008,0.894224629828042,"success"
"control","observer","Copula pyramidis",0.00180042071816294,0.00145271210762015,1.23935135442109,0.227713385892075,0.894224629828042,"success"
"control","observer","Paraflocculus",0.00477248377231042,0.00278796824221578,1.71181425241681,0.100384456733321,0.836423235840408,"success"
"control","observer","Flocculus",0.00198971695746546,0.00116117772446613,1.71353352337195,0.100063079079277,0.836423235840408,"success"
"control","observer","Interposed nucleus",2.76640210218402e-05,0.000202748422074087,0.136445062007592,0.892656738963495,0.965412677999558,"success"
"control","observer","Dentate nucleus",-1.17815071219738e-05,5.90518858029883e-05,-0.199511107253709,0.843616306359915,0.952123755863125,"success"
"control","observer","fiber tracts",1.80667732764345e-06,4.30054233165489e-06,0.420104532943457,0.678307823583794,0.952123755863125,"success"
"control","observer","olfactory nerve layer of main olfactory bulb",-0.000442606069112133,0.000721327611288731,-0.613599233115961,0.545501463319781,0.952073715007557,"success"
"control","observer","lateral olfactory tract, body",3.10444067304471e-06,2.17823815699349e-06,1.425207185485,0.167527490192406,0.894224629828042,"success"
"control","observer","anterior commissure, olfactory limb",-9.21907492286834e-06,1.01550983709898e-05,-0.907827239685295,0.373383769446486,0.930722986286814,"success"
"control","observer","optic nerve",5.75781310649841e-05,4.30509240830742e-05,1.3374423962161,0.194154962662281,0.894224629828042,"success"
"control","observer","superior colliculus commissure",1.01863109274578e-05,5.4166693918269e-06,1.88054876356821,0.0727560777478426,0.836423235840408,"success"
"control","observer","optic chiasm",0.000754637508248365,0.00043081123761333,1.75166625742869,0.0931568646524039,0.836423235840408,"success"
"control","observer","optic tract",0.00084525326778352,0.000922082918003243,0.916678154730274,0.368823690951424,0.930722986286814,"success"
"control","observer","sensory root of the trigeminal nerve",0.00121226101583931,0.000865895534127279,1.40000839369281,0.174855951627731,0.894224629828042,"success"
"control","observer","spinal tract of the trigeminal nerve",0.000374859077092359,0.000368219454363113,1.01803169998372,0.319252780501784,0.918615833934502,"success"
"control","observer","genu of the facial nerve",6.90085718441575e-07,1.21721111904196e-06,0.566940038294038,0.576246702140007,0.952123755863125,"success"
"control","observer","vestibular nerve",4.40549869404304e-06,4.10973743690902e-06,1.0719659739033,0.294855015711121,0.913933058157426,"success"
"control","observer","trapezoid body",0.000188266659008809,0.000159079319857105,1.18347664031957,0.24870863545535,0.894224629828042,"success"
"control","observer","lateral lemniscus",-2.87625977323747e-06,2.9297565158555e-05,-0.0981740208673142,0.922644687046032,0.970183270621129,"success"
"control","observer","cuneate fascicle",-6.62190260505649e-07,6.35058219765031e-07,-1.0427237061047,0.307913068950034,0.913933058157426,"success"
"control","observer","medial lemniscus",6.6607725986582e-05,8.46027330063749e-05,0.787299932515928,0.439144566603997,0.937556221504805,"success"
"control","observer","superior cerebelar peduncles",-9.26658303884608e-06,3.99787449833304e-06,-2.31787742279301,0.0297033291581974,0.836423235840408,"success"
"control","observer","superior cerebellar peduncle decussation",2.55014522826947e-06,1.97287220660494e-06,1.29260537997945,0.208982917575531,0.894224629828042,"success"
"control","observer","middle cerebellar peduncle",-0.000752481751415185,0.000438485369109728,-1.71609317990011,0.0995862313320063,0.836423235840408,"success"
"control","observer","inferior cerebellar peduncle",-0.000177539678816685,0.000181574948833043,-0.977776284436304,0.338358180025644,0.919953373978337,"success"
"control","observer","arbor vitae",-3.25206037943267e-05,0.000135666622682938,-0.239709687992525,0.81267873255419,0.952123755863125,"success"
"control","observer","corpus callosum, anterior forceps",-5.30983313237582e-05,9.37903537956103e-05,-0.566138511850281,0.576782392999077,0.952123755863125,"success"
"control","observer","genu of corpus callosum",-0.000121297009725549,0.000145519667274106,-0.833543753897327,0.413111254769755,0.930722986286814,"success"
"control","observer","corpus callosum, posterior forceps",1.11013737289397e-05,9.66322021889405e-06,1.14882756239309,0.26243476271689,0.908705451293369,"success"
"control","observer","internal capsule",0.000382338739835819,0.000454993334176935,0.840317233498496,0.409381442866664,0.930722986286814,"success"
"control","observer","cerebal peduncle",0.000201889445525413,0.000846997103374877,0.238359074335651,0.813713449188852,0.952123755863125,"success"
"control","observer","pyramid",-0.000350845323869071,0.00112091083928412,-0.313000206236869,0.75710110477744,0.952123755863125,"success"
"control","observer","pyramidal decussation",2.80749525827934e-05,1.03580218425529e-05,2.71045504726159,0.0124791527297779,0.836423235840408,"success"
"control","observer","rubrospinal tract",-2.22006862827818e-05,1.85837710652342e-05,-1.19462762454678,0.244406985019896,0.894224629828042,"success"
"control","observer","ventral tegmental decussation",1.9724029729452e-06,4.72712673247062e-06,0.417251976638742,0.680363177559744,0.952123755863125,"success"
"control","observer","anterior commissure, temporal limb",2.21787228757826e-06,3.04615979244419e-06,0.728087966061253,0.473907730024667,0.939233456322683,"success"
"control","observer","cingulum bundle",-1.46648027699343e-05,2.25399262021143e-05,-0.650614497955132,0.521742383525896,0.939803704178707,"success"
"control","observer","fimbria",-0.000204956788201829,0.000712105792709775,-0.287817892088629,0.776063678418472,0.952123755863125,"success"
"control","observer","columns of the fornix",2.51249700695363e-05,2.20663113809651e-05,1.13861214209139,0.266586222625922,0.908705451293369,"success"
"control","observer","dorsal hippocampal commissure",9.48803503508071e-06,8.83935327719264e-06,1.07338565815237,0.294231274483516,0.913933058157426,"success"
"control","observer","stria terminalis",1.34010191882125e-06,9.52054030644206e-07,1.40759019518511,0.172624591007752,0.894224629828042,"success"
"control","observer","medial forebrain bundle",1.57269261061756e-05,1.69571458576524e-05,0.927451249060192,0.363323341702978,0.930722986286814,"success"
"control","observer","principal mammillary tract",-1.57486921991374e-07,2.4096921483256e-06,-0.0653556190158171,0.948455612166878,0.972435086282324,"success"
"control","observer","mammillothalamic tract",-3.01200330503171e-06,1.39132832539199e-05,-0.216484006690737,0.830519115883192,0.952123755863125,"success"
"control","observer","stria medullaris",-1.93769952300817e-05,2.09423847193548e-05,-0.925252567448711,0.364441442568875,0.930722986286814,"success"
"control","observer","fasciculus retroflexus",-8.20457047544872e-07,1.11213948520667e-06,-0.737728547954943,0.46813993210367,0.939233456322683,"success"
"control","observer","habenular commissure",3.0779402463291e-06,4.70199093096629e-06,0.654603611856938,0.519216134480045,0.939803704178707,"success"
"control","observer","lateral ventricle",-0.00175785576778812,0.00159552538291378,-1.10174102312173,0.281970541665013,0.913933058157426,"success"
"control","observer","choroid plexus",8.72890547921887e-05,0.00102805079073271,0.0849073368544137,0.933069821177882,0.970743282733295,"success"
"control","observer","third ventricle",1.20716786849902e-05,0.000193165857781847,0.0624938528144211,0.950709483434302,0.972435086282324,"success"
"control","observer","cerebral aqueduct",0.000216779088510331,0.000147331392059691,1.47137066635808,0.154741841957888,0.894224629828042,"success"
"control","observer","fourth ventricle",-0.000441276606630861,0.000401621971805756,-1.0987362186556,0.283252048006624,0.913933058157426,"success"
"control","observer","lateral recess",-1.35086087231864e-06,1.63677791400445e-06,-0.825317143370843,0.417669994679256,0.935503063658017,"success"
